[0.000000] (-) TimerEvent: {}
[0.000111] (mpc_car_control) JobQueued: {'identifier': 'mpc_car_control', 'dependencies': OrderedDict()}
[0.000172] (mpc_car_control) JobStarted: {'identifier': 'mpc_car_control'}
[0.024475] (mpc_car_control) JobProgress: {'identifier': 'mpc_car_control', 'progress': 'cmake'}
[0.025503] (mpc_car_control) Command: {'cmd': ['/usr/local/bin/cmake', '/home/yucheng/mpc_motion_control_projects/mpc_ws/src/mpc_car_control', '-DCMAKE_INSTALL_PREFIX=/home/yucheng/mpc_motion_control_projects/install/mpc_car_control'], 'cwd': '/home/yucheng/mpc_motion_control_projects/build/mpc_car_control', 'env': OrderedDict([('GJS_DEBUG_TOPICS', 'JS ERROR;JS LOG'), ('APPCODE_VM_OPTIONS', '/home/yucheng/Downloads/linux/2022/_content/vmoptions/appcode.vmoptions'), ('PYTHON_BASIC_REPL', '1'), ('LESSOPEN', '| /usr/bin/lesspipe %s'), ('GATEWAY_VM_OPTIONS', '/home/yucheng/Downloads/linux/2022/_content/vmoptions/gateway.vmoptions'), ('LANGUAGE', 'zh_CN:en_AU:en'), ('USER', 'yucheng'), ('LC_TIME', 'zh_CN.UTF-8'), ('MESA_LOADER_DRIVER_OVERRIDE', 'i965'), ('WEBSTORM_VM_OPTIONS', '/home/yucheng/Downloads/linux/2022/_content/vmoptions/webstorm.vmoptions'), ('WEBIDE_VM_OPTIONS', '/home/yucheng/Downloads/linux/2022/_content/vmoptions/webide.vmoptions'), ('SSH_AGENT_PID', '1654'), ('XDG_SESSION_TYPE', 'x11'), ('GIT_ASKPASS', '/usr/share/antigravity/resources/app/extensions/git/dist/askpass.sh'), ('SHLVL', '1'), ('LD_LIBRARY_PATH', '/usr/local/cuda-12.0/lib64:/home/yucheng/mpc_motion_control_projects/mpc_ws/install/mpc_car_control/lib:/opt/ros/foxy/opt/yaml_cpp_vendor/lib:/opt/ros/foxy/opt/rviz_ogre_vendor/lib:/opt/ros/foxy/lib/x86_64-linux-gnu:/opt/ros/foxy/lib:/usr/local/cuda-12.0/lib64'), ('QT4_IM_MODULE', 'fcitx'), ('ANTIGRAVITY_CLI_ALIAS', 'agy'), ('HOME', '/home/yucheng'), ('CHROME_DESKTOP', 'antigravity.desktop'), ('OLDPWD', '/home/yucheng/mpc_motion_control_projects/mpc_ws'), ('TERM_PROGRAM_VERSION', '1.104.0'), ('DESKTOP_SESSION', 'ubuntu'), ('GIO_LAUNCHED_DESKTOP_FILE', '/usr/share/applications/antigravity.desktop'), ('ROS_PYTHON_VERSION', '3'), ('GNOME_SHELL_SESSION_MODE', 'ubuntu'), ('GTK_MODULES', 'gail:atk-bridge'), ('VSCODE_GIT_ASKPASS_MAIN', '/usr/share/antigravity/resources/app/extensions/git/dist/askpass-main.js'), ('LC_MONETARY', 'zh_CN.UTF-8'), ('VSCODE_GIT_ASKPASS_NODE', '/usr/share/antigravity/antigravity'), ('MANAGERPID', '1371'), ('PYDEVD_DISABLE_FILE_VALIDATION', '1'), ('DATASPELL_VM_OPTIONS', '/home/yucheng/Downloads/linux/2022/_content/vmoptions/dataspell.vmoptions'), ('BUNDLED_DEBUGPY_PATH', '/home/yucheng/.antigravity/extensions/ms-python.debugpy-2025.14.1-linux-x64/bundled/libs/debugpy'), ('VSCODE_PYTHON_AUTOACTIVATE_GUARD', '1'), ('DATAGRIP_VM_OPTIONS', '/home/yucheng/Downloads/linux/2022/_content/vmoptions/datagrip.vmoptions'), ('DBUS_SESSION_BUS_ADDRESS', 'unix:path=/run/user/1000/bus'), ('COLORTERM', 'truecolor'), ('IDEA_VM_OPTIONS', '/home/yucheng/Downloads/linux/2022/_content/vmoptions/idea.vmoptions'), ('GIO_LAUNCHED_DESKTOP_FILE_PID', '3438'), ('MANDATORY_PATH', '/usr/share/gconf/ubuntu.mandatory.path'), ('IM_CONFIG_PHASE', '1'), ('COLCON_PREFIX_PATH', '/home/yucheng/mpc_motion_control_projects/mpc_ws/install'), ('CLION_VM_OPTIONS', '/home/yucheng/Downloads/linux/2022/_content/vmoptions/clion.vmoptions'), ('ROS_DISTRO', 'foxy'), ('GTK_IM_MODULE', 'fcitx'), ('LOGNAME', 'yucheng'), ('JETBRAINSCLIENT_VM_OPTIONS', '/home/yucheng/Downloads/linux/2022/_content/vmoptions/jetbrainsclient.vmoptions'), ('JOURNAL_STREAM', '8:43283'), ('_', '/home/yucheng/.local/bin/colcon'), ('ROS_VERSION', '2'), ('XDG_SESSION_CLASS', 'user'), ('DEFAULTS_PATH', '/usr/share/gconf/ubuntu.default.path'), ('PHPSTORM_VM_OPTIONS', '/home/yucheng/Downloads/linux/2022/_content/vmoptions/phpstorm.vmoptions'), ('USERNAME', 'yucheng'), ('TERM', 'xterm-256color'), ('GNOME_DESKTOP_SESSION_ID', 'this-is-deprecated'), ('ROS_LOCALHOST_ONLY', '0'), ('WINDOWPATH', '2'), ('PATH', '/usr/local/bin:/usr/local/cuda-12.0/bin:/home/yucheng/.local/bin:/opt/ros/foxy/bin:/usr/local/bin:/usr/local/cuda-12.0/bin:/home/yucheng/.local/bin:/usr/local/sbin:/usr/local/bin:/usr/sbin:/usr/bin:/sbin:/bin:/usr/games:/usr/local/games:/snap/bin:/home/yucheng/.antigravity/extensions/ms-python.debugpy-2025.14.1-linux-x64/bundled/scripts/noConfigScripts'), ('SESSION_MANAGER', 'local/yucheng-Lenovo-Rescuer-Y7000:@/tmp/.ICE-unix/1700,unix/yucheng-Lenovo-Rescuer-Y7000:/tmp/.ICE-unix/1700'), ('INVOCATION_ID', '66d93d0136754e63a8f6eaba8cdf7ec2'), ('PAPERSIZE', 'a4'), ('RIDER_VM_OPTIONS', '/home/yucheng/Downloads/linux/2022/_content/vmoptions/rider.vmoptions'), ('XDG_MENU_PREFIX', 'gnome-'), ('LC_ADDRESS', 'zh_CN.UTF-8'), ('XDG_RUNTIME_DIR', '/run/user/1000'), ('GDK_BACKEND', 'x11'), ('DISPLAY', ':0'), ('VSCODE_DEBUGPY_ADAPTER_ENDPOINTS', '/home/yucheng/.antigravity/extensions/ms-python.debugpy-2025.14.1-linux-x64/.noConfigDebugAdapterEndpoints/endpoint-454ba53d4f1b844a.txt'), ('LANG', 'zh_CN.UTF-8'), ('XDG_CURRENT_DESKTOP', 'Unity'), ('PYTHONSTARTUP', '/home/yucheng/.config/Antigravity/User/workspaceStorage/f219ac6eba8d8d99e64bba645ca9d94f/ms-python.python/pythonrc.py'), ('LC_TELEPHONE', 'zh_CN.UTF-8'), ('GOLAND_VM_OPTIONS', '/home/yucheng/Downloads/linux/2022/_content/vmoptions/goland.vmoptions'), ('XMODIFIERS', '@im=fcitx'), ('XDG_SESSION_DESKTOP', 'ubuntu'), ('XAUTHORITY', '/run/user/1000/gdm/Xauthority'), ('LS_COLORS', 'rs=0:di=01;34:ln=01;36:mh=00:pi=40;33:so=01;35:do=01;35:bd=40;33;01:cd=40;33;01:or=40;31;01:mi=00:su=37;41:sg=30;43:ca=30;41:tw=30;42:ow=34;42:st=37;44:ex=01;32:*.tar=01;31:*.tgz=01;31:*.arc=01;31:*.arj=01;31:*.taz=01;31:*.lha=01;31:*.lz4=01;31:*.lzh=01;31:*.lzma=01;31:*.tlz=01;31:*.txz=01;31:*.tzo=01;31:*.t7z=01;31:*.zip=01;31:*.z=01;31:*.dz=01;31:*.gz=01;31:*.lrz=01;31:*.lz=01;31:*.lzo=01;31:*.xz=01;31:*.zst=01;31:*.tzst=01;31:*.bz2=01;31:*.bz=01;31:*.tbz=01;31:*.tbz2=01;31:*.tz=01;31:*.deb=01;31:*.rpm=01;31:*.jar=01;31:*.war=01;31:*.ear=01;31:*.sar=01;31:*.rar=01;31:*.alz=01;31:*.ace=01;31:*.zoo=01;31:*.cpio=01;31:*.7z=01;31:*.rz=01;31:*.cab=01;31:*.wim=01;31:*.swm=01;31:*.dwm=01;31:*.esd=01;31:*.jpg=01;35:*.jpeg=01;35:*.mjpg=01;35:*.mjpeg=01;35:*.gif=01;35:*.bmp=01;35:*.pbm=01;35:*.pgm=01;35:*.ppm=01;35:*.tga=01;35:*.xbm=01;35:*.xpm=01;35:*.tif=01;35:*.tiff=01;35:*.png=01;35:*.svg=01;35:*.svgz=01;35:*.mng=01;35:*.pcx=01;35:*.mov=01;35:*.mpg=01;35:*.mpeg=01;35:*.m2v=01;35:*.mkv=01;35:*.webm=01;35:*.ogm=01;35:*.mp4=01;35:*.m4v=01;35:*.mp4v=01;35:*.vob=01;35:*.qt=01;35:*.nuv=01;35:*.wmv=01;35:*.asf=01;35:*.rm=01;35:*.rmvb=01;35:*.flc=01;35:*.avi=01;35:*.fli=01;35:*.flv=01;35:*.gl=01;35:*.dl=01;35:*.xcf=01;35:*.xwd=01;35:*.yuv=01;35:*.cgm=01;35:*.emf=01;35:*.ogv=01;35:*.ogx=01;35:*.aac=00;36:*.au=00;36:*.flac=00;36:*.m4a=00;36:*.mid=00;36:*.midi=00;36:*.mka=00;36:*.mp3=00;36:*.mpc=00;36:*.ogg=00;36:*.ra=00;36:*.wav=00;36:*.oga=00;36:*.opus=00;36:*.spx=00;36:*.xspf=00;36:'), ('VSCODE_GIT_IPC_HANDLE', '/run/user/1000/vscode-git-a95e87445e.sock'), ('TERM_PROGRAM', 'vscode'), ('SSH_AUTH_SOCK', '/run/user/1000/keyring/ssh'), ('ROS_DOMAIN_ID', '0'), ('AMENT_PREFIX_PATH', '/home/yucheng/mpc_motion_control_projects/mpc_ws/install/mpc_car_control:/opt/ros/foxy'), ('ORIGINAL_XDG_CURRENT_DESKTOP', 'ubuntu:GNOME'), ('SHELL', '/bin/bash'), ('LC_NAME', 'zh_CN.UTF-8'), ('QT_ACCESSIBILITY', '1'), ('GDMSESSION', 'ubuntu'), ('LESSCLOSE', '/usr/bin/lesspipe %s %s'), ('LC_MEASUREMENT', 'zh_CN.UTF-8'), ('PYCHARM_VM_OPTIONS', '/home/yucheng/Downloads/linux/2022/_content/vmoptions/pycharm.vmoptions'), ('GPG_AGENT_INFO', '/run/user/1000/gnupg/S.gpg-agent:0:1'), ('GJS_DEBUG_OUTPUT', 'stderr'), ('LC_IDENTIFICATION', 'zh_CN.UTF-8'), ('VSCODE_GIT_ASKPASS_EXTRA_ARGS', ''), ('QT_IM_MODULE', 'fcitx'), ('RUBYMINE_VM_OPTIONS', '/home/yucheng/Downloads/linux/2022/_content/vmoptions/rubymine.vmoptions'), ('PWD', '/home/yucheng/mpc_motion_control_projects/build/mpc_car_control'), ('JETBRAINS_CLIENT_VM_OPTIONS', '/home/yucheng/Downloads/linux/2022/_content/vmoptions/jetbrains_client.vmoptions'), ('LC_ALL', 'en_US.UTF-8'), ('XDG_CONFIG_DIRS', '/etc/xdg/xdg-ubuntu:/etc/xdg'), ('CLUTTER_IM_MODULE', 'fcitx'), ('XDG_DATA_DIRS', '/usr/share/ubuntu:/home/yucheng/.local/share/flatpak/exports/share:/var/lib/flatpak/exports/share:/usr/local/share/:/usr/share/:/var/lib/snapd/desktop'), ('PYTHONPATH', '/home/yucheng/mpc_motion_control_projects/mpc_ws/install/mpc_car_control/lib/python3.8/site-packages:/opt/ros/foxy/lib/python3.8/site-packages'), ('LC_NUMERIC', 'zh_CN.UTF-8'), ('LC_PAPER', 'zh_CN.UTF-8'), ('COLCON', '1'), ('CMAKE_PREFIX_PATH', '/home/yucheng/mpc_motion_control_projects/mpc_ws/install/mpc_car_control:/opt/ros/foxy')]), 'shell': False}
[0.032180] (mpc_car_control) StderrLine: {'line': b'\x1b[0mCMake Deprecation Warning at CMakeLists.txt:1 (cmake_minimum_required):\n'}
[0.032326] (mpc_car_control) StderrLine: {'line': b'  Compatibility with CMake < 3.10 will be removed from a future version of\n'}
[0.032391] (mpc_car_control) StderrLine: {'line': b'  CMake.\n'}
[0.032450] (mpc_car_control) StderrLine: {'line': b'\n'}
[0.032506] (mpc_car_control) StderrLine: {'line': b'  Update the VERSION argument <min> value.  Or, use the <min>...<max> syntax\n'}
[0.032561] (mpc_car_control) StderrLine: {'line': b'  to tell CMake that the project requires at least <min> but has been updated\n'}
[0.032616] (mpc_car_control) StderrLine: {'line': b'  to work with policies introduced by <max> or earlier.\n'}
[0.032670] (mpc_car_control) StderrLine: {'line': b'\n'}
[0.032723] (mpc_car_control) StderrLine: {'line': b'\x1b[0m\n'}
[0.042896] (mpc_car_control) StdoutLine: {'line': b'-- Found ament_cmake: 0.9.12 (/opt/ros/foxy/share/ament_cmake/cmake)\n'}
[0.044310] (mpc_car_control) StderrLine: {'line': b'\x1b[33mCMake Warning (dev) at /opt/ros/foxy/share/ament_cmake_core/cmake/core/python.cmake:22 (find_package):\n'}
[0.044410] (mpc_car_control) StderrLine: {'line': b'  Policy CMP0148 is not set: The FindPythonInterp and FindPythonLibs modules\n'}
[0.044474] (mpc_car_control) StderrLine: {'line': b'  are removed.  Run "cmake --help-policy CMP0148" for policy details.  Use\n'}
[0.044533] (mpc_car_control) StderrLine: {'line': b'  the cmake_policy command to set the policy and suppress this warning.\n'}
[0.044590] (mpc_car_control) StderrLine: {'line': b'\n'}
[0.044645] (mpc_car_control) StderrLine: {'line': b'Call Stack (most recent call first):\n'}
[0.044700] (mpc_car_control) StderrLine: {'line': b'  /opt/ros/foxy/share/ament_cmake_core/cmake/core/all.cmake:53 (include)\n'}
[0.044755] (mpc_car_control) StderrLine: {'line': b'  /opt/ros/foxy/share/ament_cmake_core/cmake/ament_cmake_core-extras.cmake:17 (include)\n'}
[0.044810] (mpc_car_control) StderrLine: {'line': b'  /opt/ros/foxy/share/ament_cmake_core/cmake/ament_cmake_coreConfig.cmake:41 (include)\n'}
[0.044865] (mpc_car_control) StderrLine: {'line': b'  /opt/ros/foxy/share/ament_cmake/cmake/ament_cmake_export_dependencies-extras.cmake:15 (find_package)\n'}
[0.044920] (mpc_car_control) StderrLine: {'line': b'  /opt/ros/foxy/share/ament_cmake/cmake/ament_cmakeConfig.cmake:41 (include)\n'}
[0.044974] (mpc_car_control) StderrLine: {'line': b'  CMakeLists.txt:19 (find_package)\n'}
[0.045029] (mpc_car_control) StderrLine: {'line': b'This warning is for project developers.  Use -Wno-dev to suppress it.\n'}
[0.045084] (mpc_car_control) StderrLine: {'line': b'\x1b[0m\n'}
[0.062306] (mpc_car_control) StdoutLine: {'line': b'-- Found PythonInterp: /usr/bin/python3 (found suitable version "3.8.10", minimum required is "3")\n'}
[0.062553] (mpc_car_control) StdoutLine: {'line': b'-- Using PYTHON_EXECUTABLE: /usr/bin/python3\n'}
[0.097984] (-) TimerEvent: {}
[0.198299] (-) TimerEvent: {}
[0.242325] (mpc_car_control) StdoutLine: {'line': b'-- Found rclcpp: 2.4.3 (/opt/ros/foxy/share/rclcpp/cmake)\n'}
[0.271401] (mpc_car_control) StdoutLine: {'line': b'-- Using all available rosidl_typesupport_c: rosidl_typesupport_fastrtps_c;rosidl_typesupport_introspection_c\n'}
[0.274244] (mpc_car_control) StdoutLine: {'line': b'-- Found rosidl_adapter: 1.3.1 (/opt/ros/foxy/share/rosidl_adapter/cmake)\n'}
[0.298419] (-) TimerEvent: {}
[0.388549] (mpc_car_control) StdoutLine: {'line': b'-- Using all available rosidl_typesupport_cpp: rosidl_typesupport_fastrtps_cpp;rosidl_typesupport_introspection_cpp\n'}
[0.398532] (-) TimerEvent: {}
[0.431371] (mpc_car_control) StdoutLine: {'line': b'-- Found rmw_implementation_cmake: 1.0.4 (/opt/ros/foxy/share/rmw_implementation_cmake/cmake)\n'}
[0.432815] (mpc_car_control) StdoutLine: {'line': b"-- Using RMW implementation 'rmw_fastrtps_cpp' as default\n"}
[0.498658] (-) TimerEvent: {}
[0.563381] (mpc_car_control) StdoutLine: {'line': b'-- Found visualization_msgs: 2.0.5 (/opt/ros/foxy/share/visualization_msgs/cmake)\n'}
[0.598771] (-) TimerEvent: {}
[0.669839] (mpc_car_control) StdoutLine: {'line': b'-- Found tf2: 0.13.14 (/opt/ros/foxy/share/tf2/cmake)\n'}
[0.679610] (mpc_car_control) StdoutLine: {'line': b'-- Found tf2_ros: 0.13.14 (/opt/ros/foxy/share/tf2_ros/cmake)\n'}
[0.698899] (-) TimerEvent: {}
[0.799160] (-) TimerEvent: {}
[0.899416] (-) TimerEvent: {}
[0.988449] (mpc_car_control) StdoutLine: {'line': b'-- Found tf2_geometry_msgs: 0.13.14 (/opt/ros/foxy/share/tf2_geometry_msgs/cmake)\n'}
[0.993773] (mpc_car_control) StdoutLine: {'line': b'-- Found eigen3_cmake_module: 0.1.1 (/opt/ros/foxy/share/eigen3_cmake_module/cmake)\n'}
[0.999514] (-) TimerEvent: {}
[1.017960] (mpc_car_control) StdoutLine: {'line': b'-- Found ament_lint_auto: 0.9.8 (/opt/ros/foxy/share/ament_lint_auto/cmake)\n'}
[1.074286] (mpc_car_control) StdoutLine: {'line': b'-- Found rosidl_default_generators: 1.0.1 (/opt/ros/foxy/share/rosidl_default_generators/cmake)\n'}
[1.083776] (mpc_car_control) StderrLine: {'line': b'\x1b[33mCMake Warning (dev) at /opt/ros/foxy/share/rosidl_adapter/cmake/rosidl_adapt_interfaces.cmake:40 (find_package):\n'}
[1.083891] (mpc_car_control) StderrLine: {'line': b'  Policy CMP0148 is not set: The FindPythonInterp and FindPythonLibs modules\n'}
[1.083959] (mpc_car_control) StderrLine: {'line': b'  are removed.  Run "cmake --help-policy CMP0148" for policy details.  Use\n'}
[1.084021] (mpc_car_control) StderrLine: {'line': b'  the cmake_policy command to set the policy and suppress this warning.\n'}
[1.084078] (mpc_car_control) StderrLine: {'line': b'\n'}
[1.084133] (mpc_car_control) StderrLine: {'line': b'Call Stack (most recent call first):\n'}
[1.084188] (mpc_car_control) StderrLine: {'line': b'  /opt/ros/foxy/share/rosidl_cmake/cmake/rosidl_generate_interfaces.cmake:130 (rosidl_adapt_interfaces)\n'}
[1.084243] (mpc_car_control) StderrLine: {'line': b'  CMakeLists.txt:44 (rosidl_generate_interfaces)\n'}
[1.084297] (mpc_car_control) StderrLine: {'line': b'This warning is for project developers.  Use -Wno-dev to suppress it.\n'}
[1.084352] (mpc_car_control) StderrLine: {'line': b'\x1b[0m\n'}
[1.099625] (-) TimerEvent: {}
[1.102971] (mpc_car_control) StdoutLine: {'line': b'-- Found PythonInterp: /usr/bin/python3 (found version "3.8.10")\n'}
[1.199744] (-) TimerEvent: {}
[1.232916] (mpc_car_control) StdoutLine: {'line': b'-- Found ament_cmake_ros: 0.9.2 (/opt/ros/foxy/share/ament_cmake_ros/cmake)\n'}
[1.299825] (-) TimerEvent: {}
[1.400094] (-) TimerEvent: {}
[1.445676] (mpc_car_control) StdoutLine: {'line': b'-- Using all available rosidl_typesupport_c: rosidl_typesupport_fastrtps_c;rosidl_typesupport_introspection_c\n'}
[1.500208] (-) TimerEvent: {}
[1.535345] (mpc_car_control) StdoutLine: {'line': b'-- Using all available rosidl_typesupport_cpp: rosidl_typesupport_fastrtps_cpp;rosidl_typesupport_introspection_cpp\n'}
[1.539193] (mpc_car_control) StderrLine: {'line': b'\x1b[33mCMake Warning (dev) at /opt/ros/foxy/share/rosidl_generator_py/cmake/rosidl_generator_py_generate_interfaces.cmake:20 (find_package):\n'}
[1.539356] (mpc_car_control) StderrLine: {'line': b'  Policy CMP0148 is not set: The FindPythonInterp and FindPythonLibs modules\n'}
[1.539423] (mpc_car_control) StderrLine: {'line': b'  are removed.  Run "cmake --help-policy CMP0148" for policy details.  Use\n'}
[1.539483] (mpc_car_control) StderrLine: {'line': b'  the cmake_policy command to set the policy and suppress this warning.\n'}
[1.539540] (mpc_car_control) StderrLine: {'line': b'\n'}
[1.539634] (mpc_car_control) StderrLine: {'line': b'Call Stack (most recent call first):\n'}
[1.539688] (mpc_car_control) StderrLine: {'line': b'  /opt/ros/foxy/share/ament_cmake_core/cmake/core/ament_execute_extensions.cmake:48 (include)\n'}
[1.539750] (mpc_car_control) StderrLine: {'line': b'  /opt/ros/foxy/share/rosidl_cmake/cmake/rosidl_generate_interfaces.cmake:286 (ament_execute_extensions)\n'}
[1.539809] (mpc_car_control) StderrLine: {'line': b'  CMakeLists.txt:44 (rosidl_generate_interfaces)\n'}
[1.539922] (mpc_car_control) StderrLine: {'line': b'This warning is for project developers.  Use -Wno-dev to suppress it.\n'}
[1.539978] (mpc_car_control) StderrLine: {'line': b'\x1b[0m\n'}
[1.557997] (mpc_car_control) StdoutLine: {'line': b'-- Found PythonInterp: /usr/bin/python3 (found suitable version "3.8.10", minimum required is "3.5")\n'}
[1.558257] (mpc_car_control) StdoutLine: {'line': b'-- Found python_cmake_module: 0.8.1 (/opt/ros/foxy/share/python_cmake_module/cmake)\n'}
[1.558564] (mpc_car_control) StderrLine: {'line': b'\x1b[33mCMake Warning (dev) at /opt/ros/foxy/share/python_cmake_module/cmake/Modules/FindPythonExtra.cmake:45 (find_package):\n'}
[1.558654] (mpc_car_control) StderrLine: {'line': b'  Policy CMP0148 is not set: The FindPythonInterp and FindPythonLibs modules\n'}
[1.558716] (mpc_car_control) StderrLine: {'line': b'  are removed.  Run "cmake --help-policy CMP0148" for policy details.  Use\n'}
[1.558774] (mpc_car_control) StderrLine: {'line': b'  the cmake_policy command to set the policy and suppress this warning.\n'}
[1.558830] (mpc_car_control) StderrLine: {'line': b'\n'}
[1.558884] (mpc_car_control) StderrLine: {'line': b'Call Stack (most recent call first):\n'}
[1.558939] (mpc_car_control) StderrLine: {'line': b'  /opt/ros/foxy/share/rosidl_generator_py/cmake/rosidl_generator_py_generate_interfaces.cmake:23 (find_package)\n'}
[1.558993] (mpc_car_control) StderrLine: {'line': b'  /opt/ros/foxy/share/ament_cmake_core/cmake/core/ament_execute_extensions.cmake:48 (include)\n'}
[1.559047] (mpc_car_control) StderrLine: {'line': b'  /opt/ros/foxy/share/rosidl_cmake/cmake/rosidl_generate_interfaces.cmake:286 (ament_execute_extensions)\n'}
[1.559100] (mpc_car_control) StderrLine: {'line': b'  CMakeLists.txt:44 (rosidl_generate_interfaces)\n'}
[1.559153] (mpc_car_control) StderrLine: {'line': b'This warning is for project developers.  Use -Wno-dev to suppress it.\n'}
[1.559207] (mpc_car_control) StderrLine: {'line': b'\x1b[0m\n'}
[1.577145] (mpc_car_control) StderrLine: {'line': b'\x1b[33mCMake Warning (dev) at /opt/ros/foxy/share/python_cmake_module/cmake/Modules/FindPythonExtra.cmake:133 (find_package):\n'}
[1.577276] (mpc_car_control) StderrLine: {'line': b'  Policy CMP0148 is not set: The FindPythonInterp and FindPythonLibs modules\n'}
[1.577339] (mpc_car_control) StderrLine: {'line': b'  are removed.  Run "cmake --help-policy CMP0148" for policy details.  Use\n'}
[1.577397] (mpc_car_control) StderrLine: {'line': b'  the cmake_policy command to set the policy and suppress this warning.\n'}
[1.577453] (mpc_car_control) StderrLine: {'line': b'\n'}
[1.577507] (mpc_car_control) StderrLine: {'line': b'Call Stack (most recent call first):\n'}
[1.577561] (mpc_car_control) StderrLine: {'line': b'  /opt/ros/foxy/share/rosidl_generator_py/cmake/rosidl_generator_py_generate_interfaces.cmake:23 (find_package)\n'}
[1.577615] (mpc_car_control) StderrLine: {'line': b'  /opt/ros/foxy/share/ament_cmake_core/cmake/core/ament_execute_extensions.cmake:48 (include)\n'}
[1.577669] (mpc_car_control) StderrLine: {'line': b'  /opt/ros/foxy/share/rosidl_cmake/cmake/rosidl_generate_interfaces.cmake:286 (ament_execute_extensions)\n'}
[1.577731] (mpc_car_control) StderrLine: {'line': b'  CMakeLists.txt:44 (rosidl_generate_interfaces)\n'}
[1.577785] (mpc_car_control) StderrLine: {'line': b'This warning is for project developers.  Use -Wno-dev to suppress it.\n'}
[1.577839] (mpc_car_control) StderrLine: {'line': b'\x1b[0m\n'}
[1.578858] (mpc_car_control) StdoutLine: {'line': b'-- Using PYTHON_EXECUTABLE: /usr/bin/python3\n'}
[1.578947] (mpc_car_control) StdoutLine: {'line': b'-- Using PYTHON_INCLUDE_DIRS: /usr/include/python3.8\n'}
[1.579030] (mpc_car_control) StdoutLine: {'line': b'-- Using PYTHON_LIBRARIES: /usr/lib/x86_64-linux-gnu/libpython3.8.so\n'}
[1.600317] (-) TimerEvent: {}
[1.632579] (mpc_car_control) StdoutLine: {'line': b"-- Added test 'copyright' to check source files copyright and LICENSE\n"}
[1.634346] (mpc_car_control) StdoutLine: {'line': b"-- Added test 'cppcheck' to perform static code analysis on C / C++ code\n"}
[1.635711] (mpc_car_control) StdoutLine: {'line': b'-- Configured cppcheck include dirs: \n'}
[1.635852] (mpc_car_control) StdoutLine: {'line': b'-- Configured cppcheck exclude dirs and/or files: \n'}
[1.637383] (mpc_car_control) StdoutLine: {'line': b"-- Added test 'cpplint' to check C / C++ code against the Google style\n"}
[1.637496] (mpc_car_control) StdoutLine: {'line': b'-- Configured cpplint exclude dirs and/or files: \n'}
[1.637962] (mpc_car_control) StdoutLine: {'line': b"-- Added test 'flake8' to check Python code syntax and style conventions\n"}
[1.638641] (mpc_car_control) StdoutLine: {'line': b"-- Added test 'lint_cmake' to check CMake code style\n"}
[1.639174] (mpc_car_control) StdoutLine: {'line': b"-- Added test 'pep257' to check Python code against some of the style conventions in PEP 257\n"}
[1.640708] (mpc_car_control) StdoutLine: {'line': b"-- Added test 'uncrustify' to check C / C++ code style\n"}
[1.640801] (mpc_car_control) StdoutLine: {'line': b'-- Configured uncrustify additional arguments: \n'}
[1.641267] (mpc_car_control) StdoutLine: {'line': b"-- Added test 'xmllint' to check XML markup files\n"}
[1.645172] (mpc_car_control) StdoutLine: {'line': b'-- Configuring done (1.6s)\n'}
[1.700444] (-) TimerEvent: {}
[1.730768] (mpc_car_control) StdoutLine: {'line': b'-- Generating done (0.1s)\n'}
[1.731149] (mpc_car_control) StdoutLine: {'line': b'-- Build files have been written to: /home/yucheng/mpc_motion_control_projects/build/mpc_car_control\n'}
[1.741165] (mpc_car_control) CommandEnded: {'returncode': 0}
[1.741843] (mpc_car_control) JobProgress: {'identifier': 'mpc_car_control', 'progress': 'build'}
[1.743663] (mpc_car_control) Command: {'cmd': ['/usr/local/bin/cmake', '--build', '/home/yucheng/mpc_motion_control_projects/build/mpc_car_control', '--', '-j12', '-l12'], 'cwd': '/home/yucheng/mpc_motion_control_projects/build/mpc_car_control', 'env': OrderedDict([('GJS_DEBUG_TOPICS', 'JS ERROR;JS LOG'), ('APPCODE_VM_OPTIONS', '/home/yucheng/Downloads/linux/2022/_content/vmoptions/appcode.vmoptions'), ('PYTHON_BASIC_REPL', '1'), ('LESSOPEN', '| /usr/bin/lesspipe %s'), ('GATEWAY_VM_OPTIONS', '/home/yucheng/Downloads/linux/2022/_content/vmoptions/gateway.vmoptions'), ('LANGUAGE', 'zh_CN:en_AU:en'), ('USER', 'yucheng'), ('LC_TIME', 'zh_CN.UTF-8'), ('MESA_LOADER_DRIVER_OVERRIDE', 'i965'), ('WEBSTORM_VM_OPTIONS', '/home/yucheng/Downloads/linux/2022/_content/vmoptions/webstorm.vmoptions'), ('WEBIDE_VM_OPTIONS', '/home/yucheng/Downloads/linux/2022/_content/vmoptions/webide.vmoptions'), ('SSH_AGENT_PID', '1654'), ('XDG_SESSION_TYPE', 'x11'), ('GIT_ASKPASS', '/usr/share/antigravity/resources/app/extensions/git/dist/askpass.sh'), ('SHLVL', '1'), ('LD_LIBRARY_PATH', '/usr/local/cuda-12.0/lib64:/home/yucheng/mpc_motion_control_projects/mpc_ws/install/mpc_car_control/lib:/opt/ros/foxy/opt/yaml_cpp_vendor/lib:/opt/ros/foxy/opt/rviz_ogre_vendor/lib:/opt/ros/foxy/lib/x86_64-linux-gnu:/opt/ros/foxy/lib:/usr/local/cuda-12.0/lib64'), ('QT4_IM_MODULE', 'fcitx'), ('ANTIGRAVITY_CLI_ALIAS', 'agy'), ('HOME', '/home/yucheng'), ('CHROME_DESKTOP', 'antigravity.desktop'), ('OLDPWD', '/home/yucheng/mpc_motion_control_projects/mpc_ws'), ('TERM_PROGRAM_VERSION', '1.104.0'), ('DESKTOP_SESSION', 'ubuntu'), ('GIO_LAUNCHED_DESKTOP_FILE', '/usr/share/applications/antigravity.desktop'), ('ROS_PYTHON_VERSION', '3'), ('GNOME_SHELL_SESSION_MODE', 'ubuntu'), ('GTK_MODULES', 'gail:atk-bridge'), ('VSCODE_GIT_ASKPASS_MAIN', '/usr/share/antigravity/resources/app/extensions/git/dist/askpass-main.js'), ('LC_MONETARY', 'zh_CN.UTF-8'), ('VSCODE_GIT_ASKPASS_NODE', '/usr/share/antigravity/antigravity'), ('MANAGERPID', '1371'), ('PYDEVD_DISABLE_FILE_VALIDATION', '1'), ('DATASPELL_VM_OPTIONS', '/home/yucheng/Downloads/linux/2022/_content/vmoptions/dataspell.vmoptions'), ('BUNDLED_DEBUGPY_PATH', '/home/yucheng/.antigravity/extensions/ms-python.debugpy-2025.14.1-linux-x64/bundled/libs/debugpy'), ('VSCODE_PYTHON_AUTOACTIVATE_GUARD', '1'), ('DATAGRIP_VM_OPTIONS', '/home/yucheng/Downloads/linux/2022/_content/vmoptions/datagrip.vmoptions'), ('DBUS_SESSION_BUS_ADDRESS', 'unix:path=/run/user/1000/bus'), ('COLORTERM', 'truecolor'), ('IDEA_VM_OPTIONS', '/home/yucheng/Downloads/linux/2022/_content/vmoptions/idea.vmoptions'), ('GIO_LAUNCHED_DESKTOP_FILE_PID', '3438'), ('MANDATORY_PATH', '/usr/share/gconf/ubuntu.mandatory.path'), ('IM_CONFIG_PHASE', '1'), ('COLCON_PREFIX_PATH', '/home/yucheng/mpc_motion_control_projects/mpc_ws/install'), ('CLION_VM_OPTIONS', '/home/yucheng/Downloads/linux/2022/_content/vmoptions/clion.vmoptions'), ('ROS_DISTRO', 'foxy'), ('GTK_IM_MODULE', 'fcitx'), ('LOGNAME', 'yucheng'), ('JETBRAINSCLIENT_VM_OPTIONS', '/home/yucheng/Downloads/linux/2022/_content/vmoptions/jetbrainsclient.vmoptions'), ('JOURNAL_STREAM', '8:43283'), ('_', '/home/yucheng/.local/bin/colcon'), ('ROS_VERSION', '2'), ('XDG_SESSION_CLASS', 'user'), ('DEFAULTS_PATH', '/usr/share/gconf/ubuntu.default.path'), ('PHPSTORM_VM_OPTIONS', '/home/yucheng/Downloads/linux/2022/_content/vmoptions/phpstorm.vmoptions'), ('USERNAME', 'yucheng'), ('TERM', 'xterm-256color'), ('GNOME_DESKTOP_SESSION_ID', 'this-is-deprecated'), ('ROS_LOCALHOST_ONLY', '0'), ('WINDOWPATH', '2'), ('PATH', '/usr/local/bin:/usr/local/cuda-12.0/bin:/home/yucheng/.local/bin:/opt/ros/foxy/bin:/usr/local/bin:/usr/local/cuda-12.0/bin:/home/yucheng/.local/bin:/usr/local/sbin:/usr/local/bin:/usr/sbin:/usr/bin:/sbin:/bin:/usr/games:/usr/local/games:/snap/bin:/home/yucheng/.antigravity/extensions/ms-python.debugpy-2025.14.1-linux-x64/bundled/scripts/noConfigScripts'), ('SESSION_MANAGER', 'local/yucheng-Lenovo-Rescuer-Y7000:@/tmp/.ICE-unix/1700,unix/yucheng-Lenovo-Rescuer-Y7000:/tmp/.ICE-unix/1700'), ('INVOCATION_ID', '66d93d0136754e63a8f6eaba8cdf7ec2'), ('PAPERSIZE', 'a4'), ('RIDER_VM_OPTIONS', '/home/yucheng/Downloads/linux/2022/_content/vmoptions/rider.vmoptions'), ('XDG_MENU_PREFIX', 'gnome-'), ('LC_ADDRESS', 'zh_CN.UTF-8'), ('XDG_RUNTIME_DIR', '/run/user/1000'), ('GDK_BACKEND', 'x11'), ('DISPLAY', ':0'), ('VSCODE_DEBUGPY_ADAPTER_ENDPOINTS', '/home/yucheng/.antigravity/extensions/ms-python.debugpy-2025.14.1-linux-x64/.noConfigDebugAdapterEndpoints/endpoint-454ba53d4f1b844a.txt'), ('LANG', 'zh_CN.UTF-8'), ('XDG_CURRENT_DESKTOP', 'Unity'), ('PYTHONSTARTUP', '/home/yucheng/.config/Antigravity/User/workspaceStorage/f219ac6eba8d8d99e64bba645ca9d94f/ms-python.python/pythonrc.py'), ('LC_TELEPHONE', 'zh_CN.UTF-8'), ('GOLAND_VM_OPTIONS', '/home/yucheng/Downloads/linux/2022/_content/vmoptions/goland.vmoptions'), ('XMODIFIERS', '@im=fcitx'), ('XDG_SESSION_DESKTOP', 'ubuntu'), ('XAUTHORITY', '/run/user/1000/gdm/Xauthority'), ('LS_COLORS', 'rs=0:di=01;34:ln=01;36:mh=00:pi=40;33:so=01;35:do=01;35:bd=40;33;01:cd=40;33;01:or=40;31;01:mi=00:su=37;41:sg=30;43:ca=30;41:tw=30;42:ow=34;42:st=37;44:ex=01;32:*.tar=01;31:*.tgz=01;31:*.arc=01;31:*.arj=01;31:*.taz=01;31:*.lha=01;31:*.lz4=01;31:*.lzh=01;31:*.lzma=01;31:*.tlz=01;31:*.txz=01;31:*.tzo=01;31:*.t7z=01;31:*.zip=01;31:*.z=01;31:*.dz=01;31:*.gz=01;31:*.lrz=01;31:*.lz=01;31:*.lzo=01;31:*.xz=01;31:*.zst=01;31:*.tzst=01;31:*.bz2=01;31:*.bz=01;31:*.tbz=01;31:*.tbz2=01;31:*.tz=01;31:*.deb=01;31:*.rpm=01;31:*.jar=01;31:*.war=01;31:*.ear=01;31:*.sar=01;31:*.rar=01;31:*.alz=01;31:*.ace=01;31:*.zoo=01;31:*.cpio=01;31:*.7z=01;31:*.rz=01;31:*.cab=01;31:*.wim=01;31:*.swm=01;31:*.dwm=01;31:*.esd=01;31:*.jpg=01;35:*.jpeg=01;35:*.mjpg=01;35:*.mjpeg=01;35:*.gif=01;35:*.bmp=01;35:*.pbm=01;35:*.pgm=01;35:*.ppm=01;35:*.tga=01;35:*.xbm=01;35:*.xpm=01;35:*.tif=01;35:*.tiff=01;35:*.png=01;35:*.svg=01;35:*.svgz=01;35:*.mng=01;35:*.pcx=01;35:*.mov=01;35:*.mpg=01;35:*.mpeg=01;35:*.m2v=01;35:*.mkv=01;35:*.webm=01;35:*.ogm=01;35:*.mp4=01;35:*.m4v=01;35:*.mp4v=01;35:*.vob=01;35:*.qt=01;35:*.nuv=01;35:*.wmv=01;35:*.asf=01;35:*.rm=01;35:*.rmvb=01;35:*.flc=01;35:*.avi=01;35:*.fli=01;35:*.flv=01;35:*.gl=01;35:*.dl=01;35:*.xcf=01;35:*.xwd=01;35:*.yuv=01;35:*.cgm=01;35:*.emf=01;35:*.ogv=01;35:*.ogx=01;35:*.aac=00;36:*.au=00;36:*.flac=00;36:*.m4a=00;36:*.mid=00;36:*.midi=00;36:*.mka=00;36:*.mp3=00;36:*.mpc=00;36:*.ogg=00;36:*.ra=00;36:*.wav=00;36:*.oga=00;36:*.opus=00;36:*.spx=00;36:*.xspf=00;36:'), ('VSCODE_GIT_IPC_HANDLE', '/run/user/1000/vscode-git-a95e87445e.sock'), ('TERM_PROGRAM', 'vscode'), ('SSH_AUTH_SOCK', '/run/user/1000/keyring/ssh'), ('ROS_DOMAIN_ID', '0'), ('AMENT_PREFIX_PATH', '/home/yucheng/mpc_motion_control_projects/mpc_ws/install/mpc_car_control:/opt/ros/foxy'), ('ORIGINAL_XDG_CURRENT_DESKTOP', 'ubuntu:GNOME'), ('SHELL', '/bin/bash'), ('LC_NAME', 'zh_CN.UTF-8'), ('QT_ACCESSIBILITY', '1'), ('GDMSESSION', 'ubuntu'), ('LESSCLOSE', '/usr/bin/lesspipe %s %s'), ('LC_MEASUREMENT', 'zh_CN.UTF-8'), ('PYCHARM_VM_OPTIONS', '/home/yucheng/Downloads/linux/2022/_content/vmoptions/pycharm.vmoptions'), ('GPG_AGENT_INFO', '/run/user/1000/gnupg/S.gpg-agent:0:1'), ('GJS_DEBUG_OUTPUT', 'stderr'), ('LC_IDENTIFICATION', 'zh_CN.UTF-8'), ('VSCODE_GIT_ASKPASS_EXTRA_ARGS', ''), ('QT_IM_MODULE', 'fcitx'), ('RUBYMINE_VM_OPTIONS', '/home/yucheng/Downloads/linux/2022/_content/vmoptions/rubymine.vmoptions'), ('PWD', '/home/yucheng/mpc_motion_control_projects/build/mpc_car_control'), ('JETBRAINS_CLIENT_VM_OPTIONS', '/home/yucheng/Downloads/linux/2022/_content/vmoptions/jetbrains_client.vmoptions'), ('LC_ALL', 'en_US.UTF-8'), ('XDG_CONFIG_DIRS', '/etc/xdg/xdg-ubuntu:/etc/xdg'), ('CLUTTER_IM_MODULE', 'fcitx'), ('XDG_DATA_DIRS', '/usr/share/ubuntu:/home/yucheng/.local/share/flatpak/exports/share:/var/lib/flatpak/exports/share:/usr/local/share/:/usr/share/:/var/lib/snapd/desktop'), ('PYTHONPATH', '/home/yucheng/mpc_motion_control_projects/mpc_ws/install/mpc_car_control/lib/python3.8/site-packages:/opt/ros/foxy/lib/python3.8/site-packages'), ('LC_NUMERIC', 'zh_CN.UTF-8'), ('LC_PAPER', 'zh_CN.UTF-8'), ('COLCON', '1'), ('CMAKE_PREFIX_PATH', '/home/yucheng/mpc_motion_control_projects/mpc_ws/install/mpc_car_control:/opt/ros/foxy')]), 'shell': False}
[1.765961] (mpc_car_control) StdoutLine: {'line': b'[  1%] \x1b[34m\x1b[1mGenerating C code for ROS interfaces\x1b[0m\n'}
[1.771163] (mpc_car_control) StdoutLine: {'line': b'[  2%] \x1b[34m\x1b[1mGenerating C++ code for ROS interfaces\x1b[0m\n'}
[1.800563] (-) TimerEvent: {}
[1.900803] (-) TimerEvent: {}
[2.001060] (-) TimerEvent: {}
[2.101294] (-) TimerEvent: {}
[2.151532] (mpc_car_control) StdoutLine: {'line': b'[  2%] Built target mpc_car_control__cpp\n'}
[2.157284] (mpc_car_control) StdoutLine: {'line': b'[  6%] \x1b[34m\x1b[1mGenerating C++ introspection for ROS interfaces\x1b[0m\n'}
[2.157546] (mpc_car_control) StdoutLine: {'line': b'[  6%] \x1b[34m\x1b[1mGenerating C++ type support for eProsima Fast-RTPS\x1b[0m\n'}
[2.157711] (mpc_car_control) StdoutLine: {'line': b'[  6%] \x1b[34m\x1b[1mGenerating C++ type support dispatch for ROS interfaces\x1b[0m\n'}
[2.199362] (mpc_car_control) StdoutLine: {'line': b'[  9%] \x1b[32mBuilding C object CMakeFiles/mpc_car_control__rosidl_generator_c.dir/rosidl_generator_c/mpc_car_control/msg/detail/control_command_body__functions.c.o\x1b[0m\n'}
[2.199974] (mpc_car_control) StdoutLine: {'line': b'[  9%] \x1b[32mBuilding C object CMakeFiles/mpc_car_control__rosidl_generator_c.dir/rosidl_generator_c/mpc_car_control/msg/detail/vehicle_state__functions.c.o\x1b[0m\n'}
[2.200402] (mpc_car_control) StdoutLine: {'line': b'[ 11%] \x1b[32mBuilding C object CMakeFiles/mpc_car_control__rosidl_generator_c.dir/rosidl_generator_c/mpc_car_control/msg/detail/reference_trajectory__functions.c.o\x1b[0m\n'}
[2.200565] (mpc_car_control) StdoutLine: {'line': b'[ 11%] \x1b[32mBuilding C object CMakeFiles/mpc_car_control__rosidl_generator_c.dir/rosidl_generator_c/mpc_car_control/msg/detail/actuator_command__functions.c.o\x1b[0m\n'}
[2.201375] (-) TimerEvent: {}
[2.204368] (mpc_car_control) StdoutLine: {'line': b'[ 12%] \x1b[32mBuilding C object CMakeFiles/mpc_car_control__rosidl_generator_c.dir/rosidl_generator_c/mpc_car_control/msg/detail/wheel_ground_heights__functions.c.o\x1b[0m\n'}
[2.266910] (mpc_car_control) StdoutLine: {'line': b'[ 14%] \x1b[32m\x1b[1mLinking C shared library libmpc_car_control__rosidl_generator_c.so\x1b[0m\n'}
[2.301505] (-) TimerEvent: {}
[2.301743] (mpc_car_control) StdoutLine: {'line': b'[ 14%] Built target mpc_car_control__rosidl_generator_c\n'}
[2.307782] (mpc_car_control) StdoutLine: {'line': b'[ 16%] \x1b[34m\x1b[1mGenerating C type support dispatch for ROS interfaces\x1b[0m\n'}
[2.308044] (mpc_car_control) StdoutLine: {'line': b'[ 16%] \x1b[34m\x1b[1mGenerating C introspection for ROS interfaces\x1b[0m\n'}
[2.401633] (-) TimerEvent: {}
[2.501924] (-) TimerEvent: {}
[2.571567] (mpc_car_control) StdoutLine: {'line': b'[ 18%] \x1b[32mBuilding CXX object CMakeFiles/mpc_car_control__rosidl_typesupport_fastrtps_cpp.dir/rosidl_typesupport_fastrtps_cpp/mpc_car_control/msg/detail/dds_fastrtps/control_command_body__type_support.cpp.o\x1b[0m\n'}
[2.571882] (mpc_car_control) StdoutLine: {'line': b'[ 20%] \x1b[32mBuilding CXX object CMakeFiles/mpc_car_control__rosidl_typesupport_fastrtps_cpp.dir/rosidl_typesupport_fastrtps_cpp/mpc_car_control/msg/detail/dds_fastrtps/vehicle_state__type_support.cpp.o\x1b[0m\n'}
[2.572093] (mpc_car_control) StdoutLine: {'line': b'[ 20%] \x1b[32mBuilding CXX object CMakeFiles/mpc_car_control__rosidl_typesupport_fastrtps_cpp.dir/rosidl_typesupport_fastrtps_cpp/mpc_car_control/msg/detail/dds_fastrtps/wheel_ground_heights__type_support.cpp.o\x1b[0m\n'}
[2.572232] (mpc_car_control) StdoutLine: {'line': b'[ 22%] \x1b[32mBuilding CXX object CMakeFiles/mpc_car_control__rosidl_typesupport_fastrtps_cpp.dir/rosidl_typesupport_fastrtps_cpp/mpc_car_control/msg/detail/dds_fastrtps/reference_trajectory__type_support.cpp.o\x1b[0m\n'}
[2.572445] (mpc_car_control) StdoutLine: {'line': b'[ 23%] \x1b[32mBuilding CXX object CMakeFiles/mpc_car_control__rosidl_typesupport_fastrtps_cpp.dir/rosidl_typesupport_fastrtps_cpp/mpc_car_control/msg/detail/dds_fastrtps/actuator_command__type_support.cpp.o\x1b[0m\n'}
[2.602018] (-) TimerEvent: {}
[2.617926] (mpc_car_control) StdoutLine: {'line': b'[ 24%] \x1b[32mBuilding CXX object CMakeFiles/mpc_car_control__rosidl_typesupport_c.dir/rosidl_typesupport_c/mpc_car_control/msg/vehicle_state__type_support.cpp.o\x1b[0m\n'}
[2.619028] (mpc_car_control) StdoutLine: {'line': b'[ 27%] \x1b[32mBuilding CXX object CMakeFiles/mpc_car_control__rosidl_typesupport_c.dir/rosidl_typesupport_c/mpc_car_control/msg/actuator_command__type_support.cpp.o\x1b[0m\n'}
[2.619266] (mpc_car_control) StdoutLine: {'line': b'[ 27%] \x1b[32mBuilding CXX object CMakeFiles/mpc_car_control__rosidl_typesupport_c.dir/rosidl_typesupport_c/mpc_car_control/msg/control_command_body__type_support.cpp.o\x1b[0m\n'}
[2.620285] (mpc_car_control) StdoutLine: {'line': b'[ 28%] \x1b[32mBuilding CXX object CMakeFiles/mpc_car_control__rosidl_typesupport_c.dir/rosidl_typesupport_c/mpc_car_control/msg/reference_trajectory__type_support.cpp.o\x1b[0m\n'}
[2.660034] (mpc_car_control) StdoutLine: {'line': b'[ 29%] \x1b[32mBuilding CXX object CMakeFiles/mpc_car_control__rosidl_typesupport_cpp.dir/rosidl_typesupport_cpp/mpc_car_control/msg/vehicle_state__type_support.cpp.o\x1b[0m\n'}
[2.668991] (mpc_car_control) StdoutLine: {'line': b'[ 31%] \x1b[32mBuilding CXX object CMakeFiles/mpc_car_control__rosidl_typesupport_cpp.dir/rosidl_typesupport_cpp/mpc_car_control/msg/control_command_body__type_support.cpp.o\x1b[0m\n'}
[2.676189] (mpc_car_control) StdoutLine: {'line': b'[ 32%] \x1b[32mBuilding CXX object CMakeFiles/mpc_car_control__rosidl_typesupport_c.dir/rosidl_typesupport_c/mpc_car_control/msg/wheel_ground_heights__type_support.cpp.o\x1b[0m\n'}
[2.677406] (mpc_car_control) StdoutLine: {'line': b'[ 33%] \x1b[32mBuilding CXX object CMakeFiles/mpc_car_control__rosidl_typesupport_cpp.dir/rosidl_typesupport_cpp/mpc_car_control/msg/reference_trajectory__type_support.cpp.o\x1b[0m\n'}
[2.693310] (mpc_car_control) StdoutLine: {'line': b'[ 35%] \x1b[32mBuilding CXX object CMakeFiles/mpc_car_control__rosidl_typesupport_cpp.dir/rosidl_typesupport_cpp/mpc_car_control/msg/actuator_command__type_support.cpp.o\x1b[0m\n'}
[2.702141] (-) TimerEvent: {}
[2.728385] (mpc_car_control) StdoutLine: {'line': b'[ 36%] \x1b[32m\x1b[1mLinking CXX shared library libmpc_car_control__rosidl_typesupport_c.so\x1b[0m\n'}
[2.751792] (mpc_car_control) StdoutLine: {'line': b'[ 37%] \x1b[32mBuilding CXX object CMakeFiles/mpc_car_control__rosidl_typesupport_introspection_cpp.dir/rosidl_typesupport_introspection_cpp/mpc_car_control/msg/detail/vehicle_state__type_support.cpp.o\x1b[0m\n'}
[2.768443] (mpc_car_control) StdoutLine: {'line': b'[ 38%] \x1b[32mBuilding C object CMakeFiles/mpc_car_control__rosidl_typesupport_introspection_c.dir/rosidl_typesupport_introspection_c/mpc_car_control/msg/detail/vehicle_state__type_support.c.o\x1b[0m\n'}
[2.780542] (mpc_car_control) StdoutLine: {'line': b'[ 38%] Built target mpc_car_control__rosidl_typesupport_c\n'}
[2.786367] (mpc_car_control) StdoutLine: {'line': b'[ 40%] \x1b[32mBuilding CXX object CMakeFiles/mpc_car_control__rosidl_typesupport_introspection_cpp.dir/rosidl_typesupport_introspection_cpp/mpc_car_control/msg/detail/reference_trajectory__type_support.cpp.o\x1b[0m\n'}
[2.802240] (-) TimerEvent: {}
[2.812536] (mpc_car_control) StdoutLine: {'line': b'[ 41%] \x1b[32mBuilding C object CMakeFiles/mpc_car_control__rosidl_typesupport_introspection_c.dir/rosidl_typesupport_introspection_c/mpc_car_control/msg/detail/reference_trajectory__type_support.c.o\x1b[0m\n'}
[2.871692] (mpc_car_control) StdoutLine: {'line': b'[ 42%] \x1b[32mBuilding C object CMakeFiles/mpc_car_control__rosidl_typesupport_introspection_c.dir/rosidl_typesupport_introspection_c/mpc_car_control/msg/detail/control_command_body__type_support.c.o\x1b[0m\n'}
[2.902352] (-) TimerEvent: {}
[2.967356] (mpc_car_control) StdoutLine: {'line': b'[ 44%] \x1b[32mBuilding C object CMakeFiles/mpc_car_control__rosidl_typesupport_introspection_c.dir/rosidl_typesupport_introspection_c/mpc_car_control/msg/detail/actuator_command__type_support.c.o\x1b[0m\n'}
[3.002455] (-) TimerEvent: {}
[3.102772] (-) TimerEvent: {}
[3.108644] (mpc_car_control) StdoutLine: {'line': b'[ 45%] \x1b[32mBuilding C object CMakeFiles/mpc_car_control__rosidl_typesupport_introspection_c.dir/rosidl_typesupport_introspection_c/mpc_car_control/msg/detail/wheel_ground_heights__type_support.c.o\x1b[0m\n'}
[3.148332] (mpc_car_control) StdoutLine: {'line': b'[ 48%] \x1b[32mBuilding CXX object CMakeFiles/mpc_car_control__rosidl_typesupport_introspection_cpp.dir/rosidl_typesupport_introspection_cpp/mpc_car_control/msg/detail/control_command_body__type_support.cpp.o\x1b[0m\n'}
[3.148574] (mpc_car_control) StdoutLine: {'line': b'[ 48%] \x1b[32mBuilding CXX object CMakeFiles/mpc_car_control__rosidl_typesupport_cpp.dir/rosidl_typesupport_cpp/mpc_car_control/msg/wheel_ground_heights__type_support.cpp.o\x1b[0m\n'}
[3.160256] (mpc_car_control) StdoutLine: {'line': b'[ 49%] \x1b[32m\x1b[1mLinking C shared library libmpc_car_control__rosidl_typesupport_introspection_c.so\x1b[0m\n'}
[3.198275] (mpc_car_control) StdoutLine: {'line': b'[ 49%] Built target mpc_car_control__rosidl_typesupport_introspection_c\n'}
[3.202884] (-) TimerEvent: {}
[3.204501] (mpc_car_control) StdoutLine: {'line': b'[ 50%] \x1b[32mBuilding CXX object CMakeFiles/mpc_car_control__rosidl_typesupport_introspection_cpp.dir/rosidl_typesupport_introspection_cpp/mpc_car_control/msg/detail/actuator_command__type_support.cpp.o\x1b[0m\n'}
[3.221776] (mpc_car_control) StdoutLine: {'line': b'[ 51%] \x1b[32mBuilding CXX object CMakeFiles/mpc_car_control__rosidl_typesupport_introspection_cpp.dir/rosidl_typesupport_introspection_cpp/mpc_car_control/msg/detail/wheel_ground_heights__type_support.cpp.o\x1b[0m\n'}
[3.302988] (-) TimerEvent: {}
[3.309781] (mpc_car_control) StdoutLine: {'line': b'[ 53%] \x1b[32m\x1b[1mLinking CXX shared library libmpc_car_control__rosidl_typesupport_fastrtps_cpp.so\x1b[0m\n'}
[3.403119] (-) TimerEvent: {}
[3.403846] (mpc_car_control) StdoutLine: {'line': b'[ 53%] Built target mpc_car_control__rosidl_typesupport_fastrtps_cpp\n'}
[3.409490] (mpc_car_control) StdoutLine: {'line': b'[ 54%] \x1b[34m\x1b[1mGenerating C type support for eProsima Fast-RTPS\x1b[0m\n'}
[3.455787] (mpc_car_control) StdoutLine: {'line': b'[ 55%] \x1b[32m\x1b[1mLinking CXX shared library libmpc_car_control__rosidl_typesupport_cpp.so\x1b[0m\n'}
[3.487830] (mpc_car_control) StdoutLine: {'line': b'[ 55%] Built target mpc_car_control__rosidl_typesupport_cpp\n'}
[3.503211] (-) TimerEvent: {}
[3.537122] (mpc_car_control) StdoutLine: {'line': b'[ 57%] \x1b[32m\x1b[1mLinking CXX shared library libmpc_car_control__rosidl_typesupport_introspection_cpp.so\x1b[0m\n'}
[3.598290] (mpc_car_control) StdoutLine: {'line': b'[ 57%] Built target mpc_car_control__rosidl_typesupport_introspection_cpp\n'}
[3.603273] (-) TimerEvent: {}
[3.703487] (-) TimerEvent: {}
[3.762290] (mpc_car_control) StdoutLine: {'line': b'[ 58%] \x1b[32mBuilding CXX object CMakeFiles/mpc_car_control__rosidl_typesupport_fastrtps_c.dir/rosidl_typesupport_fastrtps_c/mpc_car_control/msg/detail/vehicle_state__type_support_c.cpp.o\x1b[0m\n'}
[3.762587] (mpc_car_control) StdoutLine: {'line': b'[ 59%] \x1b[32mBuilding CXX object CMakeFiles/mpc_car_control__rosidl_typesupport_fastrtps_c.dir/rosidl_typesupport_fastrtps_c/mpc_car_control/msg/detail/reference_trajectory__type_support_c.cpp.o\x1b[0m\n'}
[3.762802] (mpc_car_control) StdoutLine: {'line': b'[ 61%] \x1b[32mBuilding CXX object CMakeFiles/mpc_car_control__rosidl_typesupport_fastrtps_c.dir/rosidl_typesupport_fastrtps_c/mpc_car_control/msg/detail/control_command_body__type_support_c.cpp.o\x1b[0m\n'}
[3.762951] (mpc_car_control) StdoutLine: {'line': b'[ 62%] \x1b[32mBuilding CXX object CMakeFiles/mpc_car_control__rosidl_typesupport_fastrtps_c.dir/rosidl_typesupport_fastrtps_c/mpc_car_control/msg/detail/actuator_command__type_support_c.cpp.o\x1b[0m\n'}
[3.763108] (mpc_car_control) StdoutLine: {'line': b'[ 63%] \x1b[32mBuilding CXX object CMakeFiles/mpc_car_control__rosidl_typesupport_fastrtps_c.dir/rosidl_typesupport_fastrtps_c/mpc_car_control/msg/detail/wheel_ground_heights__type_support_c.cpp.o\x1b[0m\n'}
[3.803619] (-) TimerEvent: {}
[3.903915] (-) TimerEvent: {}
[4.004215] (-) TimerEvent: {}
[4.089194] (mpc_car_control) StdoutLine: {'line': b'[ 64%] \x1b[32m\x1b[1mLinking CXX shared library libmpc_car_control__rosidl_typesupport_fastrtps_c.so\x1b[0m\n'}
[4.104331] (-) TimerEvent: {}
[4.167552] (mpc_car_control) StdoutLine: {'line': b'[ 64%] Built target mpc_car_control__rosidl_typesupport_fastrtps_c\n'}
[4.176667] (mpc_car_control) StdoutLine: {'line': b'[ 64%] Built target mpc_car_control\n'}
[4.186936] (mpc_car_control) StdoutLine: {'line': b'[ 66%] \x1b[32mBuilding CXX object CMakeFiles/scenario_generator_node.dir/src/scenario_generator_node.cpp.o\x1b[0m\n'}
[4.187242] (mpc_car_control) StdoutLine: {'line': b'[ 67%] \x1b[32mBuilding CXX object CMakeFiles/pid_controller_node.dir/src/pid_controller_node.cpp.o\x1b[0m\n'}
[4.187433] (mpc_car_control) StdoutLine: {'line': b'[ 68%] \x1b[32mBuilding CXX object CMakeFiles/mpc_controller_node.dir/src/mpc_controller_node.cpp.o\x1b[0m\n'}
[4.188132] (mpc_car_control) StdoutLine: {'line': b'[ 71%] \x1b[32mBuilding CXX object CMakeFiles/vehicle_interface_node.dir/src/vehicle_interface_node.cpp.o\x1b[0m\n'}
[4.188368] (mpc_car_control) StdoutLine: {'line': b'[ 71%] \x1b[34m\x1b[1mGenerating Python code for ROS interfaces\x1b[0m\n'}
[4.188483] (mpc_car_control) StdoutLine: {'line': b'[ 72%] \x1b[32mBuilding CXX object CMakeFiles/control_allocator_node.dir/src/control_allocator_node.cpp.o\x1b[0m\n'}
[4.188895] (mpc_car_control) StdoutLine: {'line': b'[ 74%] \x1b[32mBuilding CXX object CMakeFiles/vehicle_model_node.dir/src/vehicle_model_node.cpp.o\x1b[0m\n'}
[4.189910] (mpc_car_control) StdoutLine: {'line': b'[ 75%] \x1b[32mBuilding CXX object CMakeFiles/visualization_node.dir/src/visualization_node.cpp.o\x1b[0m\n'}
[4.204422] (-) TimerEvent: {}
[4.304698] (-) TimerEvent: {}
[4.404991] (-) TimerEvent: {}
[4.505276] (-) TimerEvent: {}
[4.605572] (-) TimerEvent: {}
[4.705891] (-) TimerEvent: {}
[4.806194] (-) TimerEvent: {}
[4.906495] (-) TimerEvent: {}
[5.006817] (-) TimerEvent: {}
[5.107115] (-) TimerEvent: {}
[5.207428] (-) TimerEvent: {}
[5.307718] (-) TimerEvent: {}
[5.408034] (-) TimerEvent: {}
[5.508351] (-) TimerEvent: {}
[5.524123] (mpc_car_control) StdoutLine: {'line': b'[ 75%] Built target mpc_car_control__py\n'}
[5.539476] (mpc_car_control) StdoutLine: {'line': b'[ 77%] \x1b[32mBuilding C object CMakeFiles/mpc_car_control__python.dir/rosidl_generator_py/mpc_car_control/msg/_vehicle_state_s.c.o\x1b[0m\n'}
[5.539813] (mpc_car_control) StdoutLine: {'line': b'[ 79%] \x1b[32mBuilding C object CMakeFiles/mpc_car_control__python.dir/rosidl_generator_py/mpc_car_control/msg/_control_command_body_s.c.o\x1b[0m\n'}
[5.540089] (mpc_car_control) StdoutLine: {'line': b'[ 79%] \x1b[32mBuilding C object CMakeFiles/mpc_car_control__python.dir/rosidl_generator_py/mpc_car_control/msg/_reference_trajectory_s.c.o\x1b[0m\n'}
[5.545228] (mpc_car_control) StdoutLine: {'line': b'[ 80%] \x1b[32mBuilding C object CMakeFiles/mpc_car_control__python.dir/rosidl_generator_py/mpc_car_control/msg/_actuator_command_s.c.o\x1b[0m\n'}
[5.546749] (mpc_car_control) StdoutLine: {'line': b'[ 81%] \x1b[32mBuilding C object CMakeFiles/mpc_car_control__python.dir/rosidl_generator_py/mpc_car_control/msg/_wheel_ground_heights_s.c.o\x1b[0m\n'}
[5.608456] (-) TimerEvent: {}
[5.708940] (-) TimerEvent: {}
[5.715946] (mpc_car_control) StdoutLine: {'line': b'[ 83%] \x1b[32m\x1b[1mLinking C shared library rosidl_generator_py/mpc_car_control/libmpc_car_control__python.so\x1b[0m\n'}
[5.774700] (mpc_car_control) StdoutLine: {'line': b'[ 83%] Built target mpc_car_control__python\n'}
[5.788844] (mpc_car_control) StdoutLine: {'line': b'[ 87%] \x1b[32mBuilding C object CMakeFiles/mpc_car_control__rosidl_typesupport_introspection_c__pyext.dir/rosidl_generator_py/mpc_car_control/_mpc_car_control_s.ep.rosidl_typesupport_introspection_c.c.o\x1b[0m\n'}
[5.789085] (mpc_car_control) StdoutLine: {'line': b'[ 87%] \x1b[32mBuilding C object CMakeFiles/mpc_car_control__rosidl_typesupport_fastrtps_c__pyext.dir/rosidl_generator_py/mpc_car_control/_mpc_car_control_s.ep.rosidl_typesupport_fastrtps_c.c.o\x1b[0m\n'}
[5.789228] (mpc_car_control) StdoutLine: {'line': b'[ 87%] \x1b[32mBuilding C object CMakeFiles/mpc_car_control__rosidl_typesupport_c__pyext.dir/rosidl_generator_py/mpc_car_control/_mpc_car_control_s.ep.rosidl_typesupport_c.c.o\x1b[0m\n'}
[5.809049] (-) TimerEvent: {}
[5.909374] (-) TimerEvent: {}
[5.934030] (mpc_car_control) StdoutLine: {'line': b'[ 89%] \x1b[32m\x1b[1mLinking C shared library rosidl_generator_py/mpc_car_control/mpc_car_control_s__rosidl_typesupport_c.cpython-38-x86_64-linux-gnu.so\x1b[0m\n'}
[5.934465] (mpc_car_control) StdoutLine: {'line': b'[ 89%] \x1b[32m\x1b[1mLinking C shared library rosidl_generator_py/mpc_car_control/mpc_car_control_s__rosidl_typesupport_introspection_c.cpython-38-x86_64-linux-gnu.so\x1b[0m\n'}
[5.940124] (mpc_car_control) StdoutLine: {'line': b'[ 90%] \x1b[32m\x1b[1mLinking CXX shared library rosidl_generator_py/mpc_car_control/mpc_car_control_s__rosidl_typesupport_fastrtps_c.cpython-38-x86_64-linux-gnu.so\x1b[0m\n'}
[5.981276] (mpc_car_control) StdoutLine: {'line': b'[ 90%] Built target mpc_car_control__rosidl_typesupport_introspection_c__pyext\n'}
[5.983624] (mpc_car_control) StdoutLine: {'line': b'[ 90%] Built target mpc_car_control__rosidl_typesupport_c__pyext\n'}
[6.009481] (-) TimerEvent: {}
[6.036298] (mpc_car_control) StdoutLine: {'line': b'[ 90%] Built target mpc_car_control__rosidl_typesupport_fastrtps_c__pyext\n'}
[6.109593] (-) TimerEvent: {}
[6.209911] (-) TimerEvent: {}
[6.310219] (-) TimerEvent: {}
[6.410530] (-) TimerEvent: {}
[6.510855] (-) TimerEvent: {}
[6.611170] (-) TimerEvent: {}
[6.711504] (-) TimerEvent: {}
[6.811842] (-) TimerEvent: {}
[6.912177] (-) TimerEvent: {}
[7.012490] (-) TimerEvent: {}
[7.112795] (-) TimerEvent: {}
[7.213111] (-) TimerEvent: {}
[7.313438] (-) TimerEvent: {}
[7.413752] (-) TimerEvent: {}
[7.514085] (-) TimerEvent: {}
[7.614439] (-) TimerEvent: {}
[7.715346] (-) TimerEvent: {}
[7.816320] (-) TimerEvent: {}
[7.917705] (-) TimerEvent: {}
[8.017998] (-) TimerEvent: {}
[8.118306] (-) TimerEvent: {}
[8.218644] (-) TimerEvent: {}
[8.318960] (-) TimerEvent: {}
[8.419287] (-) TimerEvent: {}
[8.519597] (-) TimerEvent: {}
[8.619888] (-) TimerEvent: {}
[8.720193] (-) TimerEvent: {}
[8.820514] (-) TimerEvent: {}
[8.920843] (-) TimerEvent: {}
[9.021177] (-) TimerEvent: {}
[9.121503] (-) TimerEvent: {}
[9.221809] (-) TimerEvent: {}
[9.322108] (-) TimerEvent: {}
[9.422402] (-) TimerEvent: {}
[9.522695] (-) TimerEvent: {}
[9.623002] (-) TimerEvent: {}
[9.723313] (-) TimerEvent: {}
[9.823610] (-) TimerEvent: {}
[9.923889] (-) TimerEvent: {}
[10.024193] (-) TimerEvent: {}
[10.124494] (-) TimerEvent: {}
[10.224795] (-) TimerEvent: {}
[10.325096] (-) TimerEvent: {}
[10.425388] (-) TimerEvent: {}
[10.525689] (-) TimerEvent: {}
[10.625993] (-) TimerEvent: {}
[10.726290] (-) TimerEvent: {}
[10.826593] (-) TimerEvent: {}
[10.926932] (-) TimerEvent: {}
[10.944098] (mpc_car_control) StdoutLine: {'line': b'[ 92%] \x1b[32m\x1b[1mLinking CXX executable scenario_generator_node\x1b[0m\n'}
[11.027069] (-) TimerEvent: {}
[11.127341] (-) TimerEvent: {}
[11.227623] (-) TimerEvent: {}
[11.327888] (-) TimerEvent: {}
[11.328744] (mpc_car_control) StdoutLine: {'line': b'[ 92%] Built target scenario_generator_node\n'}
[11.427973] (-) TimerEvent: {}
[11.513389] (mpc_car_control) StdoutLine: {'line': b'[ 93%] \x1b[32m\x1b[1mLinking CXX executable vehicle_interface_node\x1b[0m\n'}
[11.528075] (-) TimerEvent: {}
[11.628376] (-) TimerEvent: {}
[11.728709] (-) TimerEvent: {}
[11.829013] (-) TimerEvent: {}
[11.886714] (mpc_car_control) StdoutLine: {'line': b'[ 93%] Built target vehicle_interface_node\n'}
[11.929112] (-) TimerEvent: {}
[11.960538] (mpc_car_control) StdoutLine: {'line': b'[ 94%] \x1b[32m\x1b[1mLinking CXX executable pid_controller_node\x1b[0m\n'}
[12.029217] (-) TimerEvent: {}
[12.129517] (-) TimerEvent: {}
[12.229839] (-) TimerEvent: {}
[12.324359] (mpc_car_control) StdoutLine: {'line': b'[ 94%] Built target pid_controller_node\n'}
[12.329931] (-) TimerEvent: {}
[12.430216] (-) TimerEvent: {}
[12.474553] (mpc_car_control) StdoutLine: {'line': b'[ 96%] \x1b[32m\x1b[1mLinking CXX executable control_allocator_node\x1b[0m\n'}
[12.530345] (-) TimerEvent: {}
[12.630651] (-) TimerEvent: {}
[12.681606] (mpc_car_control) StdoutLine: {'line': b'[ 97%] \x1b[32m\x1b[1mLinking CXX executable vehicle_model_node\x1b[0m\n'}
[12.730826] (-) TimerEvent: {}
[12.831110] (-) TimerEvent: {}
[12.899955] (mpc_car_control) StdoutLine: {'line': b'[ 97%] Built target control_allocator_node\n'}
[12.931236] (-) TimerEvent: {}
[13.031512] (-) TimerEvent: {}
[13.092105] (mpc_car_control) StdoutLine: {'line': b'[ 97%] Built target vehicle_model_node\n'}
[13.131638] (-) TimerEvent: {}
[13.231910] (-) TimerEvent: {}
[13.332161] (-) TimerEvent: {}
[13.432418] (-) TimerEvent: {}
[13.532677] (-) TimerEvent: {}
[13.632941] (-) TimerEvent: {}
[13.733220] (-) TimerEvent: {}
[13.833491] (-) TimerEvent: {}
[13.933733] (-) TimerEvent: {}
[14.034011] (-) TimerEvent: {}
[14.134275] (-) TimerEvent: {}
[14.234548] (-) TimerEvent: {}
[14.334815] (-) TimerEvent: {}
[14.369823] (mpc_car_control) StdoutLine: {'line': b'[ 98%] \x1b[32m\x1b[1mLinking CXX executable visualization_node\x1b[0m\n'}
[14.434940] (-) TimerEvent: {}
[14.535220] (-) TimerEvent: {}
[14.635560] (-) TimerEvent: {}
[14.735866] (-) TimerEvent: {}
[14.751781] (mpc_car_control) StdoutLine: {'line': b'[ 98%] Built target visualization_node\n'}
[14.835956] (-) TimerEvent: {}
[14.936202] (-) TimerEvent: {}
[15.036450] (-) TimerEvent: {}
[15.136698] (-) TimerEvent: {}
[15.236919] (-) TimerEvent: {}
[15.337175] (-) TimerEvent: {}
[15.437434] (-) TimerEvent: {}
[15.537686] (-) TimerEvent: {}
[15.637938] (-) TimerEvent: {}
[15.738195] (-) TimerEvent: {}
[15.838458] (-) TimerEvent: {}
[15.938757] (-) TimerEvent: {}
[16.039022] (-) TimerEvent: {}
[16.139280] (-) TimerEvent: {}
[16.239503] (-) TimerEvent: {}
[16.339744] (-) TimerEvent: {}
[16.440056] (-) TimerEvent: {}
[16.540305] (-) TimerEvent: {}
[16.640630] (-) TimerEvent: {}
[16.740927] (-) TimerEvent: {}
[16.841215] (-) TimerEvent: {}
[16.941493] (-) TimerEvent: {}
[16.965025] (mpc_car_control) StdoutLine: {'line': b'[100%] \x1b[32m\x1b[1mLinking CXX executable mpc_controller_node\x1b[0m\n'}
[17.041626] (-) TimerEvent: {}
[17.141903] (-) TimerEvent: {}
[17.242171] (-) TimerEvent: {}
[17.342431] (-) TimerEvent: {}
[17.352791] (mpc_car_control) StdoutLine: {'line': b'[100%] Built target mpc_controller_node\n'}
[17.363826] (mpc_car_control) CommandEnded: {'returncode': 0}
[17.442705] (-) TimerEvent: {}
[17.543466] (-) TimerEvent: {}
[17.608393] (mpc_car_control) JobProgress: {'identifier': 'mpc_car_control', 'progress': 'install'}
[17.624022] (mpc_car_control) Command: {'cmd': ['/usr/local/bin/cmake', '--install', '/home/yucheng/mpc_motion_control_projects/build/mpc_car_control'], 'cwd': '/home/yucheng/mpc_motion_control_projects/build/mpc_car_control', 'env': OrderedDict([('GJS_DEBUG_TOPICS', 'JS ERROR;JS LOG'), ('APPCODE_VM_OPTIONS', '/home/yucheng/Downloads/linux/2022/_content/vmoptions/appcode.vmoptions'), ('PYTHON_BASIC_REPL', '1'), ('LESSOPEN', '| /usr/bin/lesspipe %s'), ('GATEWAY_VM_OPTIONS', '/home/yucheng/Downloads/linux/2022/_content/vmoptions/gateway.vmoptions'), ('LANGUAGE', 'zh_CN:en_AU:en'), ('USER', 'yucheng'), ('LC_TIME', 'zh_CN.UTF-8'), ('MESA_LOADER_DRIVER_OVERRIDE', 'i965'), ('WEBSTORM_VM_OPTIONS', '/home/yucheng/Downloads/linux/2022/_content/vmoptions/webstorm.vmoptions'), ('WEBIDE_VM_OPTIONS', '/home/yucheng/Downloads/linux/2022/_content/vmoptions/webide.vmoptions'), ('SSH_AGENT_PID', '1654'), ('XDG_SESSION_TYPE', 'x11'), ('GIT_ASKPASS', '/usr/share/antigravity/resources/app/extensions/git/dist/askpass.sh'), ('SHLVL', '1'), ('LD_LIBRARY_PATH', '/usr/local/cuda-12.0/lib64:/home/yucheng/mpc_motion_control_projects/mpc_ws/install/mpc_car_control/lib:/opt/ros/foxy/opt/yaml_cpp_vendor/lib:/opt/ros/foxy/opt/rviz_ogre_vendor/lib:/opt/ros/foxy/lib/x86_64-linux-gnu:/opt/ros/foxy/lib:/usr/local/cuda-12.0/lib64'), ('QT4_IM_MODULE', 'fcitx'), ('ANTIGRAVITY_CLI_ALIAS', 'agy'), ('HOME', '/home/yucheng'), ('CHROME_DESKTOP', 'antigravity.desktop'), ('OLDPWD', '/home/yucheng/mpc_motion_control_projects/mpc_ws'), ('TERM_PROGRAM_VERSION', '1.104.0'), ('DESKTOP_SESSION', 'ubuntu'), ('GIO_LAUNCHED_DESKTOP_FILE', '/usr/share/applications/antigravity.desktop'), ('ROS_PYTHON_VERSION', '3'), ('GNOME_SHELL_SESSION_MODE', 'ubuntu'), ('GTK_MODULES', 'gail:atk-bridge'), ('VSCODE_GIT_ASKPASS_MAIN', '/usr/share/antigravity/resources/app/extensions/git/dist/askpass-main.js'), ('LC_MONETARY', 'zh_CN.UTF-8'), ('VSCODE_GIT_ASKPASS_NODE', '/usr/share/antigravity/antigravity'), ('MANAGERPID', '1371'), ('PYDEVD_DISABLE_FILE_VALIDATION', '1'), ('DATASPELL_VM_OPTIONS', '/home/yucheng/Downloads/linux/2022/_content/vmoptions/dataspell.vmoptions'), ('BUNDLED_DEBUGPY_PATH', '/home/yucheng/.antigravity/extensions/ms-python.debugpy-2025.14.1-linux-x64/bundled/libs/debugpy'), ('VSCODE_PYTHON_AUTOACTIVATE_GUARD', '1'), ('DATAGRIP_VM_OPTIONS', '/home/yucheng/Downloads/linux/2022/_content/vmoptions/datagrip.vmoptions'), ('DBUS_SESSION_BUS_ADDRESS', 'unix:path=/run/user/1000/bus'), ('COLORTERM', 'truecolor'), ('IDEA_VM_OPTIONS', '/home/yucheng/Downloads/linux/2022/_content/vmoptions/idea.vmoptions'), ('GIO_LAUNCHED_DESKTOP_FILE_PID', '3438'), ('MANDATORY_PATH', '/usr/share/gconf/ubuntu.mandatory.path'), ('IM_CONFIG_PHASE', '1'), ('COLCON_PREFIX_PATH', '/home/yucheng/mpc_motion_control_projects/mpc_ws/install'), ('CLION_VM_OPTIONS', '/home/yucheng/Downloads/linux/2022/_content/vmoptions/clion.vmoptions'), ('ROS_DISTRO', 'foxy'), ('GTK_IM_MODULE', 'fcitx'), ('LOGNAME', 'yucheng'), ('JETBRAINSCLIENT_VM_OPTIONS', '/home/yucheng/Downloads/linux/2022/_content/vmoptions/jetbrainsclient.vmoptions'), ('JOURNAL_STREAM', '8:43283'), ('_', '/home/yucheng/.local/bin/colcon'), ('ROS_VERSION', '2'), ('XDG_SESSION_CLASS', 'user'), ('DEFAULTS_PATH', '/usr/share/gconf/ubuntu.default.path'), ('PHPSTORM_VM_OPTIONS', '/home/yucheng/Downloads/linux/2022/_content/vmoptions/phpstorm.vmoptions'), ('USERNAME', 'yucheng'), ('TERM', 'xterm-256color'), ('GNOME_DESKTOP_SESSION_ID', 'this-is-deprecated'), ('ROS_LOCALHOST_ONLY', '0'), ('WINDOWPATH', '2'), ('PATH', '/usr/local/bin:/usr/local/cuda-12.0/bin:/home/yucheng/.local/bin:/opt/ros/foxy/bin:/usr/local/bin:/usr/local/cuda-12.0/bin:/home/yucheng/.local/bin:/usr/local/sbin:/usr/local/bin:/usr/sbin:/usr/bin:/sbin:/bin:/usr/games:/usr/local/games:/snap/bin:/home/yucheng/.antigravity/extensions/ms-python.debugpy-2025.14.1-linux-x64/bundled/scripts/noConfigScripts'), ('SESSION_MANAGER', 'local/yucheng-Lenovo-Rescuer-Y7000:@/tmp/.ICE-unix/1700,unix/yucheng-Lenovo-Rescuer-Y7000:/tmp/.ICE-unix/1700'), ('INVOCATION_ID', '66d93d0136754e63a8f6eaba8cdf7ec2'), ('PAPERSIZE', 'a4'), ('RIDER_VM_OPTIONS', '/home/yucheng/Downloads/linux/2022/_content/vmoptions/rider.vmoptions'), ('XDG_MENU_PREFIX', 'gnome-'), ('LC_ADDRESS', 'zh_CN.UTF-8'), ('XDG_RUNTIME_DIR', '/run/user/1000'), ('GDK_BACKEND', 'x11'), ('DISPLAY', ':0'), ('VSCODE_DEBUGPY_ADAPTER_ENDPOINTS', '/home/yucheng/.antigravity/extensions/ms-python.debugpy-2025.14.1-linux-x64/.noConfigDebugAdapterEndpoints/endpoint-454ba53d4f1b844a.txt'), ('LANG', 'zh_CN.UTF-8'), ('XDG_CURRENT_DESKTOP', 'Unity'), ('PYTHONSTARTUP', '/home/yucheng/.config/Antigravity/User/workspaceStorage/f219ac6eba8d8d99e64bba645ca9d94f/ms-python.python/pythonrc.py'), ('LC_TELEPHONE', 'zh_CN.UTF-8'), ('GOLAND_VM_OPTIONS', '/home/yucheng/Downloads/linux/2022/_content/vmoptions/goland.vmoptions'), ('XMODIFIERS', '@im=fcitx'), ('XDG_SESSION_DESKTOP', 'ubuntu'), ('XAUTHORITY', '/run/user/1000/gdm/Xauthority'), ('LS_COLORS', 'rs=0:di=01;34:ln=01;36:mh=00:pi=40;33:so=01;35:do=01;35:bd=40;33;01:cd=40;33;01:or=40;31;01:mi=00:su=37;41:sg=30;43:ca=30;41:tw=30;42:ow=34;42:st=37;44:ex=01;32:*.tar=01;31:*.tgz=01;31:*.arc=01;31:*.arj=01;31:*.taz=01;31:*.lha=01;31:*.lz4=01;31:*.lzh=01;31:*.lzma=01;31:*.tlz=01;31:*.txz=01;31:*.tzo=01;31:*.t7z=01;31:*.zip=01;31:*.z=01;31:*.dz=01;31:*.gz=01;31:*.lrz=01;31:*.lz=01;31:*.lzo=01;31:*.xz=01;31:*.zst=01;31:*.tzst=01;31:*.bz2=01;31:*.bz=01;31:*.tbz=01;31:*.tbz2=01;31:*.tz=01;31:*.deb=01;31:*.rpm=01;31:*.jar=01;31:*.war=01;31:*.ear=01;31:*.sar=01;31:*.rar=01;31:*.alz=01;31:*.ace=01;31:*.zoo=01;31:*.cpio=01;31:*.7z=01;31:*.rz=01;31:*.cab=01;31:*.wim=01;31:*.swm=01;31:*.dwm=01;31:*.esd=01;31:*.jpg=01;35:*.jpeg=01;35:*.mjpg=01;35:*.mjpeg=01;35:*.gif=01;35:*.bmp=01;35:*.pbm=01;35:*.pgm=01;35:*.ppm=01;35:*.tga=01;35:*.xbm=01;35:*.xpm=01;35:*.tif=01;35:*.tiff=01;35:*.png=01;35:*.svg=01;35:*.svgz=01;35:*.mng=01;35:*.pcx=01;35:*.mov=01;35:*.mpg=01;35:*.mpeg=01;35:*.m2v=01;35:*.mkv=01;35:*.webm=01;35:*.ogm=01;35:*.mp4=01;35:*.m4v=01;35:*.mp4v=01;35:*.vob=01;35:*.qt=01;35:*.nuv=01;35:*.wmv=01;35:*.asf=01;35:*.rm=01;35:*.rmvb=01;35:*.flc=01;35:*.avi=01;35:*.fli=01;35:*.flv=01;35:*.gl=01;35:*.dl=01;35:*.xcf=01;35:*.xwd=01;35:*.yuv=01;35:*.cgm=01;35:*.emf=01;35:*.ogv=01;35:*.ogx=01;35:*.aac=00;36:*.au=00;36:*.flac=00;36:*.m4a=00;36:*.mid=00;36:*.midi=00;36:*.mka=00;36:*.mp3=00;36:*.mpc=00;36:*.ogg=00;36:*.ra=00;36:*.wav=00;36:*.oga=00;36:*.opus=00;36:*.spx=00;36:*.xspf=00;36:'), ('VSCODE_GIT_IPC_HANDLE', '/run/user/1000/vscode-git-a95e87445e.sock'), ('TERM_PROGRAM', 'vscode'), ('SSH_AUTH_SOCK', '/run/user/1000/keyring/ssh'), ('ROS_DOMAIN_ID', '0'), ('AMENT_PREFIX_PATH', '/home/yucheng/mpc_motion_control_projects/mpc_ws/install/mpc_car_control:/opt/ros/foxy'), ('ORIGINAL_XDG_CURRENT_DESKTOP', 'ubuntu:GNOME'), ('SHELL', '/bin/bash'), ('LC_NAME', 'zh_CN.UTF-8'), ('QT_ACCESSIBILITY', '1'), ('GDMSESSION', 'ubuntu'), ('LESSCLOSE', '/usr/bin/lesspipe %s %s'), ('LC_MEASUREMENT', 'zh_CN.UTF-8'), ('PYCHARM_VM_OPTIONS', '/home/yucheng/Downloads/linux/2022/_content/vmoptions/pycharm.vmoptions'), ('GPG_AGENT_INFO', '/run/user/1000/gnupg/S.gpg-agent:0:1'), ('GJS_DEBUG_OUTPUT', 'stderr'), ('LC_IDENTIFICATION', 'zh_CN.UTF-8'), ('VSCODE_GIT_ASKPASS_EXTRA_ARGS', ''), ('QT_IM_MODULE', 'fcitx'), ('RUBYMINE_VM_OPTIONS', '/home/yucheng/Downloads/linux/2022/_content/vmoptions/rubymine.vmoptions'), ('PWD', '/home/yucheng/mpc_motion_control_projects/build/mpc_car_control'), ('JETBRAINS_CLIENT_VM_OPTIONS', '/home/yucheng/Downloads/linux/2022/_content/vmoptions/jetbrains_client.vmoptions'), ('LC_ALL', 'en_US.UTF-8'), ('XDG_CONFIG_DIRS', '/etc/xdg/xdg-ubuntu:/etc/xdg'), ('CLUTTER_IM_MODULE', 'fcitx'), ('XDG_DATA_DIRS', '/usr/share/ubuntu:/home/yucheng/.local/share/flatpak/exports/share:/var/lib/flatpak/exports/share:/usr/local/share/:/usr/share/:/var/lib/snapd/desktop'), ('PYTHONPATH', '/home/yucheng/mpc_motion_control_projects/mpc_ws/install/mpc_car_control/lib/python3.8/site-packages:/opt/ros/foxy/lib/python3.8/site-packages'), ('LC_NUMERIC', 'zh_CN.UTF-8'), ('LC_PAPER', 'zh_CN.UTF-8'), ('COLCON', '1'), ('CMAKE_PREFIX_PATH', '/home/yucheng/mpc_motion_control_projects/mpc_ws/install/mpc_car_control:/opt/ros/foxy')]), 'shell': False}
[17.635753] (mpc_car_control) StdoutLine: {'line': b'-- Install configuration: ""\n'}
[17.636443] (mpc_car_control) StdoutLine: {'line': b'-- Installing: /home/yucheng/mpc_motion_control_projects/install/mpc_car_control/share/ament_index/resource_index/rosidl_interfaces/mpc_car_control\n'}
[17.636909] (mpc_car_control) StdoutLine: {'line': b'-- Installing: /home/yucheng/mpc_motion_control_projects/install/mpc_car_control/include/mpc_car_control\n'}
[17.637259] (mpc_car_control) StdoutLine: {'line': b'-- Installing: /home/yucheng/mpc_motion_control_projects/install/mpc_car_control/include/mpc_car_control/msg\n'}
[17.637656] (mpc_car_control) StdoutLine: {'line': b'-- Installing: /home/yucheng/mpc_motion_control_projects/install/mpc_car_control/include/mpc_car_control/msg/rosidl_generator_c__visibility_control.h\n'}
[17.637904] (mpc_car_control) StdoutLine: {'line': b'-- Installing: /home/yucheng/mpc_motion_control_projects/install/mpc_car_control/include/mpc_car_control/msg/wheel_ground_heights.h\n'}
[17.638124] (mpc_car_control) StdoutLine: {'line': b'-- Installing: /home/yucheng/mpc_motion_control_projects/install/mpc_car_control/include/mpc_car_control/msg/control_command_body.h\n'}
[17.638322] (mpc_car_control) StdoutLine: {'line': b'-- Installing: /home/yucheng/mpc_motion_control_projects/install/mpc_car_control/include/mpc_car_control/msg/detail\n'}
[17.638514] (mpc_car_control) StdoutLine: {'line': b'-- Installing: /home/yucheng/mpc_motion_control_projects/install/mpc_car_control/include/mpc_car_control/msg/detail/control_command_body__struct.h\n'}
[17.638712] (mpc_car_control) StdoutLine: {'line': b'-- Installing: /home/yucheng/mpc_motion_control_projects/install/mpc_car_control/include/mpc_car_control/msg/detail/control_command_body__type_support.h\n'}
[17.638897] (mpc_car_control) StdoutLine: {'line': b'-- Installing: /home/yucheng/mpc_motion_control_projects/install/mpc_car_control/include/mpc_car_control/msg/detail/actuator_command__struct.h\n'}
[17.639068] (mpc_car_control) StdoutLine: {'line': b'-- Installing: /home/yucheng/mpc_motion_control_projects/install/mpc_car_control/include/mpc_car_control/msg/detail/reference_trajectory__type_support.h\n'}
[17.639310] (mpc_car_control) StdoutLine: {'line': b'-- Installing: /home/yucheng/mpc_motion_control_projects/install/mpc_car_control/include/mpc_car_control/msg/detail/control_command_body__functions.h\n'}
[17.639461] (mpc_car_control) StdoutLine: {'line': b'-- Installing: /home/yucheng/mpc_motion_control_projects/install/mpc_car_control/include/mpc_car_control/msg/detail/wheel_ground_heights__functions.h\n'}
[17.639693] (mpc_car_control) StdoutLine: {'line': b'-- Installing: /home/yucheng/mpc_motion_control_projects/install/mpc_car_control/include/mpc_car_control/msg/detail/reference_trajectory__functions.h\n'}
[17.639896] (mpc_car_control) StdoutLine: {'line': b'-- Installing: /home/yucheng/mpc_motion_control_projects/install/mpc_car_control/include/mpc_car_control/msg/detail/vehicle_state__type_support.h\n'}
[17.640058] (mpc_car_control) StdoutLine: {'line': b'-- Installing: /home/yucheng/mpc_motion_control_projects/install/mpc_car_control/include/mpc_car_control/msg/detail/wheel_ground_heights__functions.c\n'}
[17.640278] (mpc_car_control) StdoutLine: {'line': b'-- Installing: /home/yucheng/mpc_motion_control_projects/install/mpc_car_control/include/mpc_car_control/msg/detail/actuator_command__functions.c\n'}
[17.640468] (mpc_car_control) StdoutLine: {'line': b'-- Installing: /home/yucheng/mpc_motion_control_projects/install/mpc_car_control/include/mpc_car_control/msg/detail/vehicle_state__functions.h\n'}
[17.640664] (mpc_car_control) StdoutLine: {'line': b'-- Installing: /home/yucheng/mpc_motion_control_projects/install/mpc_car_control/include/mpc_car_control/msg/detail/vehicle_state__functions.c\n'}
[17.640841] (mpc_car_control) StdoutLine: {'line': b'-- Installing: /home/yucheng/mpc_motion_control_projects/install/mpc_car_control/include/mpc_car_control/msg/detail/control_command_body__functions.c\n'}
[17.640990] (mpc_car_control) StdoutLine: {'line': b'-- Installing: /home/yucheng/mpc_motion_control_projects/install/mpc_car_control/include/mpc_car_control/msg/detail/reference_trajectory__struct.h\n'}
[17.641194] (mpc_car_control) StdoutLine: {'line': b'-- Installing: /home/yucheng/mpc_motion_control_projects/install/mpc_car_control/include/mpc_car_control/msg/detail/actuator_command__functions.h\n'}
[17.641402] (mpc_car_control) StdoutLine: {'line': b'-- Installing: /home/yucheng/mpc_motion_control_projects/install/mpc_car_control/include/mpc_car_control/msg/detail/vehicle_state__struct.h\n'}
[17.641593] (mpc_car_control) StdoutLine: {'line': b'-- Installing: /home/yucheng/mpc_motion_control_projects/install/mpc_car_control/include/mpc_car_control/msg/detail/reference_trajectory__functions.c\n'}
[17.641842] (mpc_car_control) StdoutLine: {'line': b'-- Installing: /home/yucheng/mpc_motion_control_projects/install/mpc_car_control/include/mpc_car_control/msg/detail/wheel_ground_heights__type_support.h\n'}
[17.641994] (mpc_car_control) StdoutLine: {'line': b'-- Installing: /home/yucheng/mpc_motion_control_projects/install/mpc_car_control/include/mpc_car_control/msg/detail/wheel_ground_heights__struct.h\n'}
[17.642143] (mpc_car_control) StdoutLine: {'line': b'-- Installing: /home/yucheng/mpc_motion_control_projects/install/mpc_car_control/include/mpc_car_control/msg/detail/actuator_command__type_support.h\n'}
[17.642286] (mpc_car_control) StdoutLine: {'line': b'-- Installing: /home/yucheng/mpc_motion_control_projects/install/mpc_car_control/include/mpc_car_control/msg/reference_trajectory.h\n'}
[17.642441] (mpc_car_control) StdoutLine: {'line': b'-- Installing: /home/yucheng/mpc_motion_control_projects/install/mpc_car_control/include/mpc_car_control/msg/vehicle_state.h\n'}
[17.642598] (mpc_car_control) StdoutLine: {'line': b'-- Installing: /home/yucheng/mpc_motion_control_projects/install/mpc_car_control/include/mpc_car_control/msg/actuator_command.h\n'}
[17.642862] (mpc_car_control) StdoutLine: {'line': b'-- Installing: /home/yucheng/mpc_motion_control_projects/install/mpc_car_control/share/mpc_car_control/environment/library_path.sh\n'}
[17.643174] (mpc_car_control) StdoutLine: {'line': b'-- Installing: /home/yucheng/mpc_motion_control_projects/install/mpc_car_control/share/mpc_car_control/environment/library_path.dsv\n'}
[17.643484] (mpc_car_control) StdoutLine: {'line': b'-- Installing: /home/yucheng/mpc_motion_control_projects/install/mpc_car_control/lib/libmpc_car_control__rosidl_generator_c.so\n'}
[17.643602] (-) TimerEvent: {}
[17.644353] (mpc_car_control) StdoutLine: {'line': b'-- Set non-toolchain portion of runtime path of "/home/yucheng/mpc_motion_control_projects/install/mpc_car_control/lib/libmpc_car_control__rosidl_generator_c.so" to ""\n'}
[17.644545] (mpc_car_control) StdoutLine: {'line': b'-- Up-to-date: /home/yucheng/mpc_motion_control_projects/install/mpc_car_control/include/mpc_car_control\n'}
[17.644774] (mpc_car_control) StdoutLine: {'line': b'-- Up-to-date: /home/yucheng/mpc_motion_control_projects/install/mpc_car_control/include/mpc_car_control/msg\n'}
[17.644953] (mpc_car_control) StdoutLine: {'line': b'-- Up-to-date: /home/yucheng/mpc_motion_control_projects/install/mpc_car_control/include/mpc_car_control/msg/detail\n'}
[17.645107] (mpc_car_control) StdoutLine: {'line': b'-- Installing: /home/yucheng/mpc_motion_control_projects/install/mpc_car_control/include/mpc_car_control/msg/detail/wheel_ground_heights__rosidl_typesupport_fastrtps_c.h\n'}
[17.645266] (mpc_car_control) StdoutLine: {'line': b'-- Installing: /home/yucheng/mpc_motion_control_projects/install/mpc_car_control/include/mpc_car_control/msg/detail/control_command_body__rosidl_typesupport_fastrtps_c.h\n'}
[17.645393] (mpc_car_control) StdoutLine: {'line': b'-- Installing: /home/yucheng/mpc_motion_control_projects/install/mpc_car_control/include/mpc_car_control/msg/detail/vehicle_state__rosidl_typesupport_fastrtps_c.h\n'}
[17.645528] (mpc_car_control) StdoutLine: {'line': b'-- Installing: /home/yucheng/mpc_motion_control_projects/install/mpc_car_control/include/mpc_car_control/msg/detail/reference_trajectory__rosidl_typesupport_fastrtps_c.h\n'}
[17.645733] (mpc_car_control) StdoutLine: {'line': b'-- Installing: /home/yucheng/mpc_motion_control_projects/install/mpc_car_control/include/mpc_car_control/msg/detail/actuator_command__rosidl_typesupport_fastrtps_c.h\n'}
[17.645851] (mpc_car_control) StdoutLine: {'line': b'-- Installing: /home/yucheng/mpc_motion_control_projects/install/mpc_car_control/include/mpc_car_control/msg/rosidl_typesupport_fastrtps_c__visibility_control.h\n'}
[17.645964] (mpc_car_control) StdoutLine: {'line': b'-- Installing: /home/yucheng/mpc_motion_control_projects/install/mpc_car_control/lib/libmpc_car_control__rosidl_typesupport_fastrtps_c.so\n'}
[17.646401] (mpc_car_control) StdoutLine: {'line': b'-- Set non-toolchain portion of runtime path of "/home/yucheng/mpc_motion_control_projects/install/mpc_car_control/lib/libmpc_car_control__rosidl_typesupport_fastrtps_c.so" to ""\n'}
[17.646584] (mpc_car_control) StdoutLine: {'line': b'-- Up-to-date: /home/yucheng/mpc_motion_control_projects/install/mpc_car_control/include/mpc_car_control\n'}
[17.646727] (mpc_car_control) StdoutLine: {'line': b'-- Up-to-date: /home/yucheng/mpc_motion_control_projects/install/mpc_car_control/include/mpc_car_control/msg\n'}
[17.646874] (mpc_car_control) StdoutLine: {'line': b'-- Up-to-date: /home/yucheng/mpc_motion_control_projects/install/mpc_car_control/include/mpc_car_control/msg/detail\n'}
[17.646988] (mpc_car_control) StdoutLine: {'line': b'-- Installing: /home/yucheng/mpc_motion_control_projects/install/mpc_car_control/include/mpc_car_control/msg/detail/dds_fastrtps\n'}
[17.647083] (mpc_car_control) StdoutLine: {'line': b'-- Installing: /home/yucheng/mpc_motion_control_projects/install/mpc_car_control/include/mpc_car_control/msg/detail/reference_trajectory__rosidl_typesupport_fastrtps_cpp.hpp\n'}
[17.647202] (mpc_car_control) StdoutLine: {'line': b'-- Installing: /home/yucheng/mpc_motion_control_projects/install/mpc_car_control/include/mpc_car_control/msg/detail/vehicle_state__rosidl_typesupport_fastrtps_cpp.hpp\n'}
[17.647322] (mpc_car_control) StdoutLine: {'line': b'-- Installing: /home/yucheng/mpc_motion_control_projects/install/mpc_car_control/include/mpc_car_control/msg/detail/actuator_command__rosidl_typesupport_fastrtps_cpp.hpp\n'}
[17.647439] (mpc_car_control) StdoutLine: {'line': b'-- Installing: /home/yucheng/mpc_motion_control_projects/install/mpc_car_control/include/mpc_car_control/msg/detail/control_command_body__rosidl_typesupport_fastrtps_cpp.hpp\n'}
[17.647536] (mpc_car_control) StdoutLine: {'line': b'-- Installing: /home/yucheng/mpc_motion_control_projects/install/mpc_car_control/include/mpc_car_control/msg/detail/wheel_ground_heights__rosidl_typesupport_fastrtps_cpp.hpp\n'}
[17.647654] (mpc_car_control) StdoutLine: {'line': b'-- Installing: /home/yucheng/mpc_motion_control_projects/install/mpc_car_control/include/mpc_car_control/msg/rosidl_typesupport_fastrtps_cpp__visibility_control.h\n'}
[17.647835] (mpc_car_control) StdoutLine: {'line': b'-- Installing: /home/yucheng/mpc_motion_control_projects/install/mpc_car_control/lib/libmpc_car_control__rosidl_typesupport_fastrtps_cpp.so\n'}
[17.648600] (mpc_car_control) StdoutLine: {'line': b'-- Set non-toolchain portion of runtime path of "/home/yucheng/mpc_motion_control_projects/install/mpc_car_control/lib/libmpc_car_control__rosidl_typesupport_fastrtps_cpp.so" to ""\n'}
[17.648805] (mpc_car_control) StdoutLine: {'line': b'-- Up-to-date: /home/yucheng/mpc_motion_control_projects/install/mpc_car_control/include/mpc_car_control\n'}
[17.648965] (mpc_car_control) StdoutLine: {'line': b'-- Up-to-date: /home/yucheng/mpc_motion_control_projects/install/mpc_car_control/include/mpc_car_control/msg\n'}
[17.649064] (mpc_car_control) StdoutLine: {'line': b'-- Installing: /home/yucheng/mpc_motion_control_projects/install/mpc_car_control/include/mpc_car_control/msg/rosidl_typesupport_introspection_c__visibility_control.h\n'}
[17.649183] (mpc_car_control) StdoutLine: {'line': b'-- Up-to-date: /home/yucheng/mpc_motion_control_projects/install/mpc_car_control/include/mpc_car_control/msg/detail\n'}
[17.649334] (mpc_car_control) StdoutLine: {'line': b'-- Installing: /home/yucheng/mpc_motion_control_projects/install/mpc_car_control/include/mpc_car_control/msg/detail/reference_trajectory__type_support.c\n'}
[17.649585] (mpc_car_control) StdoutLine: {'line': b'-- Installing: /home/yucheng/mpc_motion_control_projects/install/mpc_car_control/include/mpc_car_control/msg/detail/reference_trajectory__rosidl_typesupport_introspection_c.h\n'}
[17.649760] (mpc_car_control) StdoutLine: {'line': b'-- Installing: /home/yucheng/mpc_motion_control_projects/install/mpc_car_control/include/mpc_car_control/msg/detail/vehicle_state__type_support.c\n'}
[17.649891] (mpc_car_control) StdoutLine: {'line': b'-- Installing: /home/yucheng/mpc_motion_control_projects/install/mpc_car_control/include/mpc_car_control/msg/detail/wheel_ground_heights__type_support.c\n'}
[17.649993] (mpc_car_control) StdoutLine: {'line': b'-- Installing: /home/yucheng/mpc_motion_control_projects/install/mpc_car_control/include/mpc_car_control/msg/detail/vehicle_state__rosidl_typesupport_introspection_c.h\n'}
[17.650165] (mpc_car_control) StdoutLine: {'line': b'-- Installing: /home/yucheng/mpc_motion_control_projects/install/mpc_car_control/include/mpc_car_control/msg/detail/actuator_command__type_support.c\n'}
[17.650275] (mpc_car_control) StdoutLine: {'line': b'-- Installing: /home/yucheng/mpc_motion_control_projects/install/mpc_car_control/include/mpc_car_control/msg/detail/control_command_body__rosidl_typesupport_introspection_c.h\n'}
[17.650422] (mpc_car_control) StdoutLine: {'line': b'-- Installing: /home/yucheng/mpc_motion_control_projects/install/mpc_car_control/include/mpc_car_control/msg/detail/wheel_ground_heights__rosidl_typesupport_introspection_c.h\n'}
[17.650555] (mpc_car_control) StdoutLine: {'line': b'-- Installing: /home/yucheng/mpc_motion_control_projects/install/mpc_car_control/include/mpc_car_control/msg/detail/control_command_body__type_support.c\n'}
[17.650655] (mpc_car_control) StdoutLine: {'line': b'-- Installing: /home/yucheng/mpc_motion_control_projects/install/mpc_car_control/include/mpc_car_control/msg/detail/actuator_command__rosidl_typesupport_introspection_c.h\n'}
[17.650794] (mpc_car_control) StdoutLine: {'line': b'-- Installing: /home/yucheng/mpc_motion_control_projects/install/mpc_car_control/lib/libmpc_car_control__rosidl_typesupport_introspection_c.so\n'}
[17.651171] (mpc_car_control) StdoutLine: {'line': b'-- Set non-toolchain portion of runtime path of "/home/yucheng/mpc_motion_control_projects/install/mpc_car_control/lib/libmpc_car_control__rosidl_typesupport_introspection_c.so" to ""\n'}
[17.651333] (mpc_car_control) StdoutLine: {'line': b'-- Installing: /home/yucheng/mpc_motion_control_projects/install/mpc_car_control/lib/libmpc_car_control__rosidl_typesupport_c.so\n'}
[17.651805] (mpc_car_control) StdoutLine: {'line': b'-- Set non-toolchain portion of runtime path of "/home/yucheng/mpc_motion_control_projects/install/mpc_car_control/lib/libmpc_car_control__rosidl_typesupport_c.so" to ""\n'}
[17.651979] (mpc_car_control) StdoutLine: {'line': b'-- Up-to-date: /home/yucheng/mpc_motion_control_projects/install/mpc_car_control/include/mpc_car_control\n'}
[17.652091] (mpc_car_control) StdoutLine: {'line': b'-- Up-to-date: /home/yucheng/mpc_motion_control_projects/install/mpc_car_control/include/mpc_car_control/msg\n'}
[17.652210] (mpc_car_control) StdoutLine: {'line': b'-- Installing: /home/yucheng/mpc_motion_control_projects/install/mpc_car_control/include/mpc_car_control/msg/wheel_ground_heights.hpp\n'}
[17.652330] (mpc_car_control) StdoutLine: {'line': b'-- Up-to-date: /home/yucheng/mpc_motion_control_projects/install/mpc_car_control/include/mpc_car_control/msg/detail\n'}
[17.652419] (mpc_car_control) StdoutLine: {'line': b'-- Installing: /home/yucheng/mpc_motion_control_projects/install/mpc_car_control/include/mpc_car_control/msg/detail/wheel_ground_heights__type_support.hpp\n'}
[17.652552] (mpc_car_control) StdoutLine: {'line': b'-- Installing: /home/yucheng/mpc_motion_control_projects/install/mpc_car_control/include/mpc_car_control/msg/detail/reference_trajectory__traits.hpp\n'}
[17.652659] (mpc_car_control) StdoutLine: {'line': b'-- Installing: /home/yucheng/mpc_motion_control_projects/install/mpc_car_control/include/mpc_car_control/msg/detail/reference_trajectory__builder.hpp\n'}
[17.652742] (mpc_car_control) StdoutLine: {'line': b'-- Installing: /home/yucheng/mpc_motion_control_projects/install/mpc_car_control/include/mpc_car_control/msg/detail/control_command_body__type_support.hpp\n'}
[17.652853] (mpc_car_control) StdoutLine: {'line': b'-- Installing: /home/yucheng/mpc_motion_control_projects/install/mpc_car_control/include/mpc_car_control/msg/detail/actuator_command__struct.hpp\n'}
[17.652964] (mpc_car_control) StdoutLine: {'line': b'-- Installing: /home/yucheng/mpc_motion_control_projects/install/mpc_car_control/include/mpc_car_control/msg/detail/wheel_ground_heights__builder.hpp\n'}
[17.653078] (mpc_car_control) StdoutLine: {'line': b'-- Installing: /home/yucheng/mpc_motion_control_projects/install/mpc_car_control/include/mpc_car_control/msg/detail/vehicle_state__type_support.hpp\n'}
[17.653189] (mpc_car_control) StdoutLine: {'line': b'-- Installing: /home/yucheng/mpc_motion_control_projects/install/mpc_car_control/include/mpc_car_control/msg/detail/vehicle_state__builder.hpp\n'}
[17.653300] (mpc_car_control) StdoutLine: {'line': b'-- Installing: /home/yucheng/mpc_motion_control_projects/install/mpc_car_control/include/mpc_car_control/msg/detail/actuator_command__traits.hpp\n'}
[17.653409] (mpc_car_control) StdoutLine: {'line': b'-- Installing: /home/yucheng/mpc_motion_control_projects/install/mpc_car_control/include/mpc_car_control/msg/detail/wheel_ground_heights__traits.hpp\n'}
[17.653491] (mpc_car_control) StdoutLine: {'line': b'-- Installing: /home/yucheng/mpc_motion_control_projects/install/mpc_car_control/include/mpc_car_control/msg/detail/actuator_command__type_support.hpp\n'}
[17.653602] (mpc_car_control) StdoutLine: {'line': b'-- Installing: /home/yucheng/mpc_motion_control_projects/install/mpc_car_control/include/mpc_car_control/msg/detail/control_command_body__struct.hpp\n'}
[17.653710] (mpc_car_control) StdoutLine: {'line': b'-- Installing: /home/yucheng/mpc_motion_control_projects/install/mpc_car_control/include/mpc_car_control/msg/detail/control_command_body__builder.hpp\n'}
[17.653819] (mpc_car_control) StdoutLine: {'line': b'-- Installing: /home/yucheng/mpc_motion_control_projects/install/mpc_car_control/include/mpc_car_control/msg/detail/wheel_ground_heights__struct.hpp\n'}
[17.653933] (mpc_car_control) StdoutLine: {'line': b'-- Installing: /home/yucheng/mpc_motion_control_projects/install/mpc_car_control/include/mpc_car_control/msg/detail/actuator_command__builder.hpp\n'}
[17.654049] (mpc_car_control) StdoutLine: {'line': b'-- Installing: /home/yucheng/mpc_motion_control_projects/install/mpc_car_control/include/mpc_car_control/msg/detail/reference_trajectory__struct.hpp\n'}
[17.654177] (mpc_car_control) StdoutLine: {'line': b'-- Installing: /home/yucheng/mpc_motion_control_projects/install/mpc_car_control/include/mpc_car_control/msg/detail/vehicle_state__traits.hpp\n'}
[17.654307] (mpc_car_control) StdoutLine: {'line': b'-- Installing: /home/yucheng/mpc_motion_control_projects/install/mpc_car_control/include/mpc_car_control/msg/detail/vehicle_state__struct.hpp\n'}
[17.654434] (mpc_car_control) StdoutLine: {'line': b'-- Installing: /home/yucheng/mpc_motion_control_projects/install/mpc_car_control/include/mpc_car_control/msg/detail/control_command_body__traits.hpp\n'}
[17.654550] (mpc_car_control) StdoutLine: {'line': b'-- Installing: /home/yucheng/mpc_motion_control_projects/install/mpc_car_control/include/mpc_car_control/msg/detail/reference_trajectory__type_support.hpp\n'}
[17.654672] (mpc_car_control) StdoutLine: {'line': b'-- Installing: /home/yucheng/mpc_motion_control_projects/install/mpc_car_control/include/mpc_car_control/msg/vehicle_state.hpp\n'}
[17.654804] (mpc_car_control) StdoutLine: {'line': b'-- Installing: /home/yucheng/mpc_motion_control_projects/install/mpc_car_control/include/mpc_car_control/msg/rosidl_generator_cpp__visibility_control.hpp\n'}
[17.654935] (mpc_car_control) StdoutLine: {'line': b'-- Installing: /home/yucheng/mpc_motion_control_projects/install/mpc_car_control/include/mpc_car_control/msg/actuator_command.hpp\n'}
[17.655053] (mpc_car_control) StdoutLine: {'line': b'-- Installing: /home/yucheng/mpc_motion_control_projects/install/mpc_car_control/include/mpc_car_control/msg/reference_trajectory.hpp\n'}
[17.655210] (mpc_car_control) StdoutLine: {'line': b'-- Installing: /home/yucheng/mpc_motion_control_projects/install/mpc_car_control/include/mpc_car_control/msg/control_command_body.hpp\n'}
[17.655483] (mpc_car_control) StdoutLine: {'line': b'-- Up-to-date: /home/yucheng/mpc_motion_control_projects/install/mpc_car_control/include/mpc_car_control\n'}
[17.655678] (mpc_car_control) StdoutLine: {'line': b'-- Up-to-date: /home/yucheng/mpc_motion_control_projects/install/mpc_car_control/include/mpc_car_control/msg\n'}
[17.655900] (mpc_car_control) StdoutLine: {'line': b'-- Up-to-date: /home/yucheng/mpc_motion_control_projects/install/mpc_car_control/include/mpc_car_control/msg/detail\n'}
[17.656043] (mpc_car_control) StdoutLine: {'line': b'-- Installing: /home/yucheng/mpc_motion_control_projects/install/mpc_car_control/include/mpc_car_control/msg/detail/reference_trajectory__type_support.cpp\n'}
[17.656163] (mpc_car_control) StdoutLine: {'line': b'-- Installing: /home/yucheng/mpc_motion_control_projects/install/mpc_car_control/include/mpc_car_control/msg/detail/actuator_command__rosidl_typesupport_introspection_cpp.hpp\n'}
[17.656340] (mpc_car_control) StdoutLine: {'line': b'-- Installing: /home/yucheng/mpc_motion_control_projects/install/mpc_car_control/include/mpc_car_control/msg/detail/wheel_ground_heights__type_support.cpp\n'}
[17.656442] (mpc_car_control) StdoutLine: {'line': b'-- Installing: /home/yucheng/mpc_motion_control_projects/install/mpc_car_control/include/mpc_car_control/msg/detail/vehicle_state__rosidl_typesupport_introspection_cpp.hpp\n'}
[17.656617] (mpc_car_control) StdoutLine: {'line': b'-- Installing: /home/yucheng/mpc_motion_control_projects/install/mpc_car_control/include/mpc_car_control/msg/detail/control_command_body__type_support.cpp\n'}
[17.656703] (mpc_car_control) StdoutLine: {'line': b'-- Installing: /home/yucheng/mpc_motion_control_projects/install/mpc_car_control/include/mpc_car_control/msg/detail/wheel_ground_heights__rosidl_typesupport_introspection_cpp.hpp\n'}
[17.656795] (mpc_car_control) StdoutLine: {'line': b'-- Installing: /home/yucheng/mpc_motion_control_projects/install/mpc_car_control/include/mpc_car_control/msg/detail/vehicle_state__type_support.cpp\n'}
[17.656891] (mpc_car_control) StdoutLine: {'line': b'-- Installing: /home/yucheng/mpc_motion_control_projects/install/mpc_car_control/include/mpc_car_control/msg/detail/actuator_command__type_support.cpp\n'}
[17.657008] (mpc_car_control) StdoutLine: {'line': b'-- Installing: /home/yucheng/mpc_motion_control_projects/install/mpc_car_control/include/mpc_car_control/msg/detail/control_command_body__rosidl_typesupport_introspection_cpp.hpp\n'}
[17.657108] (mpc_car_control) StdoutLine: {'line': b'-- Installing: /home/yucheng/mpc_motion_control_projects/install/mpc_car_control/include/mpc_car_control/msg/detail/reference_trajectory__rosidl_typesupport_introspection_cpp.hpp\n'}
[17.657209] (mpc_car_control) StdoutLine: {'line': b'-- Installing: /home/yucheng/mpc_motion_control_projects/install/mpc_car_control/lib/libmpc_car_control__rosidl_typesupport_introspection_cpp.so\n'}
[17.657884] (mpc_car_control) StdoutLine: {'line': b'-- Set non-toolchain portion of runtime path of "/home/yucheng/mpc_motion_control_projects/install/mpc_car_control/lib/libmpc_car_control__rosidl_typesupport_introspection_cpp.so" to ""\n'}
[17.658005] (mpc_car_control) StdoutLine: {'line': b'-- Installing: /home/yucheng/mpc_motion_control_projects/install/mpc_car_control/lib/libmpc_car_control__rosidl_typesupport_cpp.so\n'}
[17.658512] (mpc_car_control) StdoutLine: {'line': b'-- Set non-toolchain portion of runtime path of "/home/yucheng/mpc_motion_control_projects/install/mpc_car_control/lib/libmpc_car_control__rosidl_typesupport_cpp.so" to ""\n'}
[17.658626] (mpc_car_control) StdoutLine: {'line': b'-- Installing: /home/yucheng/mpc_motion_control_projects/install/mpc_car_control/share/mpc_car_control/environment/pythonpath.sh\n'}
[17.658794] (mpc_car_control) StdoutLine: {'line': b'-- Installing: /home/yucheng/mpc_motion_control_projects/install/mpc_car_control/share/mpc_car_control/environment/pythonpath.dsv\n'}
[17.659035] (mpc_car_control) StdoutLine: {'line': b'-- Installing: /home/yucheng/mpc_motion_control_projects/install/mpc_car_control/lib/python3.8/site-packages/mpc_car_control/__init__.py\n'}
[17.687222] (mpc_car_control) StdoutLine: {'line': b"Compiling '/home/yucheng/mpc_motion_control_projects/install/mpc_car_control/lib/python3.8/site-packages/mpc_car_control/__init__.py'...\n"}
[17.690409] (mpc_car_control) StdoutLine: {'line': b'-- Installing: /home/yucheng/mpc_motion_control_projects/install/mpc_car_control/lib/python3.8/site-packages/mpc_car_control/msg\n'}
[17.690566] (mpc_car_control) StdoutLine: {'line': b'-- Installing: /home/yucheng/mpc_motion_control_projects/install/mpc_car_control/lib/python3.8/site-packages/mpc_car_control/msg/_reference_trajectory_s.c\n'}
[17.690662] (mpc_car_control) StdoutLine: {'line': b'-- Installing: /home/yucheng/mpc_motion_control_projects/install/mpc_car_control/lib/python3.8/site-packages/mpc_car_control/msg/_actuator_command.py\n'}
[17.690749] (mpc_car_control) StdoutLine: {'line': b'-- Installing: /home/yucheng/mpc_motion_control_projects/install/mpc_car_control/lib/python3.8/site-packages/mpc_car_control/msg/_vehicle_state.py\n'}
[17.690897] (mpc_car_control) StdoutLine: {'line': b'-- Installing: /home/yucheng/mpc_motion_control_projects/install/mpc_car_control/lib/python3.8/site-packages/mpc_car_control/msg/__init__.py\n'}
[17.691047] (mpc_car_control) StdoutLine: {'line': b'-- Installing: /home/yucheng/mpc_motion_control_projects/install/mpc_car_control/lib/python3.8/site-packages/mpc_car_control/msg/_wheel_ground_heights.py\n'}
[17.691215] (mpc_car_control) StdoutLine: {'line': b'-- Installing: /home/yucheng/mpc_motion_control_projects/install/mpc_car_control/lib/python3.8/site-packages/mpc_car_control/msg/_control_command_body_s.c\n'}
[17.691320] (mpc_car_control) StdoutLine: {'line': b'-- Installing: /home/yucheng/mpc_motion_control_projects/install/mpc_car_control/lib/python3.8/site-packages/mpc_car_control/msg/_wheel_ground_heights_s.c\n'}
[17.691416] (mpc_car_control) StdoutLine: {'line': b'-- Installing: /home/yucheng/mpc_motion_control_projects/install/mpc_car_control/lib/python3.8/site-packages/mpc_car_control/msg/_actuator_command_s.c\n'}
[17.691480] (mpc_car_control) StdoutLine: {'line': b'-- Installing: /home/yucheng/mpc_motion_control_projects/install/mpc_car_control/lib/python3.8/site-packages/mpc_car_control/msg/_control_command_body.py\n'}
[17.691614] (mpc_car_control) StdoutLine: {'line': b'-- Installing: /home/yucheng/mpc_motion_control_projects/install/mpc_car_control/lib/python3.8/site-packages/mpc_car_control/msg/_vehicle_state_s.c\n'}
[17.691703] (mpc_car_control) StdoutLine: {'line': b'-- Installing: /home/yucheng/mpc_motion_control_projects/install/mpc_car_control/lib/python3.8/site-packages/mpc_car_control/msg/_reference_trajectory.py\n'}
[17.691781] (mpc_car_control) StdoutLine: {'line': b'-- Installing: /home/yucheng/mpc_motion_control_projects/install/mpc_car_control/lib/python3.8/site-packages/mpc_car_control/mpc_car_control_s__rosidl_typesupport_fastrtps_c.cpython-38-x86_64-linux-gnu.so\n'}
[17.692177] (mpc_car_control) StdoutLine: {'line': b'-- Set non-toolchain portion of runtime path of "/home/yucheng/mpc_motion_control_projects/install/mpc_car_control/lib/python3.8/site-packages/mpc_car_control/mpc_car_control_s__rosidl_typesupport_fastrtps_c.cpython-38-x86_64-linux-gnu.so" to ""\n'}
[17.692275] (mpc_car_control) StdoutLine: {'line': b'-- Installing: /home/yucheng/mpc_motion_control_projects/install/mpc_car_control/lib/python3.8/site-packages/mpc_car_control/mpc_car_control_s__rosidl_typesupport_introspection_c.cpython-38-x86_64-linux-gnu.so\n'}
[17.692693] (mpc_car_control) StdoutLine: {'line': b'-- Set non-toolchain portion of runtime path of "/home/yucheng/mpc_motion_control_projects/install/mpc_car_control/lib/python3.8/site-packages/mpc_car_control/mpc_car_control_s__rosidl_typesupport_introspection_c.cpython-38-x86_64-linux-gnu.so" to ""\n'}
[17.692789] (mpc_car_control) StdoutLine: {'line': b'-- Installing: /home/yucheng/mpc_motion_control_projects/install/mpc_car_control/lib/python3.8/site-packages/mpc_car_control/mpc_car_control_s__rosidl_typesupport_c.cpython-38-x86_64-linux-gnu.so\n'}
[17.693135] (mpc_car_control) StdoutLine: {'line': b'-- Set non-toolchain portion of runtime path of "/home/yucheng/mpc_motion_control_projects/install/mpc_car_control/lib/python3.8/site-packages/mpc_car_control/mpc_car_control_s__rosidl_typesupport_c.cpython-38-x86_64-linux-gnu.so" to ""\n'}
[17.693266] (mpc_car_control) StdoutLine: {'line': b'-- Installing: /home/yucheng/mpc_motion_control_projects/install/mpc_car_control/lib/libmpc_car_control__python.so\n'}
[17.693666] (mpc_car_control) StdoutLine: {'line': b'-- Set non-toolchain portion of runtime path of "/home/yucheng/mpc_motion_control_projects/install/mpc_car_control/lib/libmpc_car_control__python.so" to ""\n'}
[17.693811] (mpc_car_control) StdoutLine: {'line': b'-- Installing: /home/yucheng/mpc_motion_control_projects/install/mpc_car_control/share/mpc_car_control/msg/VehicleState.idl\n'}
[17.693890] (mpc_car_control) StdoutLine: {'line': b'-- Installing: /home/yucheng/mpc_motion_control_projects/install/mpc_car_control/share/mpc_car_control/msg/ReferenceTrajectory.idl\n'}
[17.694016] (mpc_car_control) StdoutLine: {'line': b'-- Installing: /home/yucheng/mpc_motion_control_projects/install/mpc_car_control/share/mpc_car_control/msg/ControlCommandBody.idl\n'}
[17.694088] (mpc_car_control) StdoutLine: {'line': b'-- Installing: /home/yucheng/mpc_motion_control_projects/install/mpc_car_control/share/mpc_car_control/msg/ActuatorCommand.idl\n'}
[17.694240] (mpc_car_control) StdoutLine: {'line': b'-- Installing: /home/yucheng/mpc_motion_control_projects/install/mpc_car_control/share/mpc_car_control/msg/WheelGroundHeights.idl\n'}
[17.694335] (mpc_car_control) StdoutLine: {'line': b'-- Installing: /home/yucheng/mpc_motion_control_projects/install/mpc_car_control/share/mpc_car_control/msg/VehicleState.msg\n'}
[17.694423] (mpc_car_control) StdoutLine: {'line': b'-- Installing: /home/yucheng/mpc_motion_control_projects/install/mpc_car_control/share/mpc_car_control/msg/ReferenceTrajectory.msg\n'}
[17.694509] (mpc_car_control) StdoutLine: {'line': b'-- Installing: /home/yucheng/mpc_motion_control_projects/install/mpc_car_control/share/mpc_car_control/msg/ControlCommandBody.msg\n'}
[17.694590] (mpc_car_control) StdoutLine: {'line': b'-- Installing: /home/yucheng/mpc_motion_control_projects/install/mpc_car_control/share/mpc_car_control/msg/ActuatorCommand.msg\n'}
[17.694719] (mpc_car_control) StdoutLine: {'line': b'-- Installing: /home/yucheng/mpc_motion_control_projects/install/mpc_car_control/share/mpc_car_control/msg/WheelGroundHeights.msg\n'}
[17.694862] (mpc_car_control) StdoutLine: {'line': b'-- Installing: /home/yucheng/mpc_motion_control_projects/install/mpc_car_control/lib/mpc_car_control/scenario_generator_node\n'}
[17.697286] (mpc_car_control) StdoutLine: {'line': b'-- Set non-toolchain portion of runtime path of "/home/yucheng/mpc_motion_control_projects/install/mpc_car_control/lib/mpc_car_control/scenario_generator_node" to ""\n'}
[17.697406] (mpc_car_control) StdoutLine: {'line': b'-- Installing: /home/yucheng/mpc_motion_control_projects/install/mpc_car_control/lib/mpc_car_control/mpc_controller_node\n'}
[17.701679] (mpc_car_control) StdoutLine: {'line': b'-- Set non-toolchain portion of runtime path of "/home/yucheng/mpc_motion_control_projects/install/mpc_car_control/lib/mpc_car_control/mpc_controller_node" to ""\n'}
[17.701814] (mpc_car_control) StdoutLine: {'line': b'-- Installing: /home/yucheng/mpc_motion_control_projects/install/mpc_car_control/lib/mpc_car_control/control_allocator_node\n'}
[17.705338] (mpc_car_control) StdoutLine: {'line': b'-- Set non-toolchain portion of runtime path of "/home/yucheng/mpc_motion_control_projects/install/mpc_car_control/lib/mpc_car_control/control_allocator_node" to ""\n'}
[17.705438] (mpc_car_control) StdoutLine: {'line': b'-- Installing: /home/yucheng/mpc_motion_control_projects/install/mpc_car_control/lib/mpc_car_control/pid_controller_node\n'}
[17.708338] (mpc_car_control) StdoutLine: {'line': b'-- Set non-toolchain portion of runtime path of "/home/yucheng/mpc_motion_control_projects/install/mpc_car_control/lib/mpc_car_control/pid_controller_node" to ""\n'}
[17.708434] (mpc_car_control) StdoutLine: {'line': b'-- Installing: /home/yucheng/mpc_motion_control_projects/install/mpc_car_control/lib/mpc_car_control/vehicle_interface_node\n'}
[17.711323] (mpc_car_control) StdoutLine: {'line': b'-- Set non-toolchain portion of runtime path of "/home/yucheng/mpc_motion_control_projects/install/mpc_car_control/lib/mpc_car_control/vehicle_interface_node" to ""\n'}
[17.711416] (mpc_car_control) StdoutLine: {'line': b'-- Installing: /home/yucheng/mpc_motion_control_projects/install/mpc_car_control/lib/mpc_car_control/visualization_node\n'}
[17.714860] (mpc_car_control) StdoutLine: {'line': b'-- Set non-toolchain portion of runtime path of "/home/yucheng/mpc_motion_control_projects/install/mpc_car_control/lib/mpc_car_control/visualization_node" to ""\n'}
[17.714978] (mpc_car_control) StdoutLine: {'line': b'-- Installing: /home/yucheng/mpc_motion_control_projects/install/mpc_car_control/lib/mpc_car_control/vehicle_model_node\n'}
[17.718559] (mpc_car_control) StdoutLine: {'line': b'-- Set non-toolchain portion of runtime path of "/home/yucheng/mpc_motion_control_projects/install/mpc_car_control/lib/mpc_car_control/vehicle_model_node" to ""\n'}
[17.718671] (mpc_car_control) StdoutLine: {'line': b'-- Installing: /home/yucheng/mpc_motion_control_projects/install/mpc_car_control/share/mpc_car_control/launch\n'}
[17.718813] (mpc_car_control) StdoutLine: {'line': b'-- Installing: /home/yucheng/mpc_motion_control_projects/install/mpc_car_control/share/mpc_car_control/launch/mpc_system.launch.py\n'}
[17.718900] (mpc_car_control) StdoutLine: {'line': b'-- Installing: /home/yucheng/mpc_motion_control_projects/install/mpc_car_control/share/mpc_car_control/launch/__pycache__\n'}
[17.719063] (mpc_car_control) StdoutLine: {'line': b'-- Installing: /home/yucheng/mpc_motion_control_projects/install/mpc_car_control/share/mpc_car_control/launch/__pycache__/mpc_system.launch.cpython-38.pyc\n'}
[17.719131] (mpc_car_control) StdoutLine: {'line': b'-- Installing: /home/yucheng/mpc_motion_control_projects/install/mpc_car_control/share/mpc_car_control/launch/__pycache__/mpc_system.launch.cpython-312.pyc\n'}
[17.719219] (mpc_car_control) StdoutLine: {'line': b'-- Installing: /home/yucheng/mpc_motion_control_projects/install/mpc_car_control/share/mpc_car_control/launch/default.rviz\n'}
[17.719281] (mpc_car_control) StdoutLine: {'line': b'-- Installing: /home/yucheng/mpc_motion_control_projects/install/mpc_car_control/lib/mpc_car_control/az_plotter.py\n'}
[17.719364] (mpc_car_control) StdoutLine: {'line': b'-- Installing: /home/yucheng/mpc_motion_control_projects/install/mpc_car_control/share/ament_index/resource_index/package_run_dependencies/mpc_car_control\n'}
[17.719430] (mpc_car_control) StdoutLine: {'line': b'-- Installing: /home/yucheng/mpc_motion_control_projects/install/mpc_car_control/share/ament_index/resource_index/parent_prefix_path/mpc_car_control\n'}
[17.719520] (mpc_car_control) StdoutLine: {'line': b'-- Installing: /home/yucheng/mpc_motion_control_projects/install/mpc_car_control/share/mpc_car_control/environment/ament_prefix_path.sh\n'}
[17.719592] (mpc_car_control) StdoutLine: {'line': b'-- Installing: /home/yucheng/mpc_motion_control_projects/install/mpc_car_control/share/mpc_car_control/environment/ament_prefix_path.dsv\n'}
[17.719695] (mpc_car_control) StdoutLine: {'line': b'-- Installing: /home/yucheng/mpc_motion_control_projects/install/mpc_car_control/share/mpc_car_control/environment/path.sh\n'}
[17.719842] (mpc_car_control) StdoutLine: {'line': b'-- Installing: /home/yucheng/mpc_motion_control_projects/install/mpc_car_control/share/mpc_car_control/environment/path.dsv\n'}
[17.719983] (mpc_car_control) StdoutLine: {'line': b'-- Installing: /home/yucheng/mpc_motion_control_projects/install/mpc_car_control/share/mpc_car_control/local_setup.bash\n'}
[17.720168] (mpc_car_control) StdoutLine: {'line': b'-- Installing: /home/yucheng/mpc_motion_control_projects/install/mpc_car_control/share/mpc_car_control/local_setup.sh\n'}
[17.720327] (mpc_car_control) StdoutLine: {'line': b'-- Installing: /home/yucheng/mpc_motion_control_projects/install/mpc_car_control/share/mpc_car_control/local_setup.zsh\n'}
[17.720440] (mpc_car_control) StdoutLine: {'line': b'-- Installing: /home/yucheng/mpc_motion_control_projects/install/mpc_car_control/share/mpc_car_control/local_setup.dsv\n'}
[17.720560] (mpc_car_control) StdoutLine: {'line': b'-- Installing: /home/yucheng/mpc_motion_control_projects/install/mpc_car_control/share/mpc_car_control/package.dsv\n'}
[17.720728] (mpc_car_control) StdoutLine: {'line': b'-- Installing: /home/yucheng/mpc_motion_control_projects/install/mpc_car_control/share/ament_index/resource_index/packages/mpc_car_control\n'}
[17.720900] (mpc_car_control) StdoutLine: {'line': b'-- Installing: /home/yucheng/mpc_motion_control_projects/install/mpc_car_control/share/mpc_car_control/cmake/mpc_car_control__rosidl_generator_cExport.cmake\n'}
[17.721073] (mpc_car_control) StdoutLine: {'line': b'-- Installing: /home/yucheng/mpc_motion_control_projects/install/mpc_car_control/share/mpc_car_control/cmake/mpc_car_control__rosidl_generator_cExport-noconfig.cmake\n'}
[17.721246] (mpc_car_control) StdoutLine: {'line': b'-- Installing: /home/yucheng/mpc_motion_control_projects/install/mpc_car_control/share/mpc_car_control/cmake/mpc_car_control__rosidl_typesupport_introspection_cExport.cmake\n'}
[17.721402] (mpc_car_control) StdoutLine: {'line': b'-- Installing: /home/yucheng/mpc_motion_control_projects/install/mpc_car_control/share/mpc_car_control/cmake/mpc_car_control__rosidl_typesupport_introspection_cExport-noconfig.cmake\n'}
[17.721562] (mpc_car_control) StdoutLine: {'line': b'-- Installing: /home/yucheng/mpc_motion_control_projects/install/mpc_car_control/share/mpc_car_control/cmake/mpc_car_control__rosidl_typesupport_cExport.cmake\n'}
[17.721716] (mpc_car_control) StdoutLine: {'line': b'-- Installing: /home/yucheng/mpc_motion_control_projects/install/mpc_car_control/share/mpc_car_control/cmake/mpc_car_control__rosidl_typesupport_cExport-noconfig.cmake\n'}
[17.721873] (mpc_car_control) StdoutLine: {'line': b'-- Installing: /home/yucheng/mpc_motion_control_projects/install/mpc_car_control/share/mpc_car_control/cmake/mpc_car_control__rosidl_generator_cppExport.cmake\n'}
[17.721996] (mpc_car_control) StdoutLine: {'line': b'-- Installing: /home/yucheng/mpc_motion_control_projects/install/mpc_car_control/share/mpc_car_control/cmake/mpc_car_control__rosidl_typesupport_introspection_cppExport.cmake\n'}
[17.722103] (mpc_car_control) StdoutLine: {'line': b'-- Installing: /home/yucheng/mpc_motion_control_projects/install/mpc_car_control/share/mpc_car_control/cmake/mpc_car_control__rosidl_typesupport_introspection_cppExport-noconfig.cmake\n'}
[17.722267] (mpc_car_control) StdoutLine: {'line': b'-- Installing: /home/yucheng/mpc_motion_control_projects/install/mpc_car_control/share/mpc_car_control/cmake/mpc_car_control__rosidl_typesupport_cppExport.cmake\n'}
[17.722403] (mpc_car_control) StdoutLine: {'line': b'-- Installing: /home/yucheng/mpc_motion_control_projects/install/mpc_car_control/share/mpc_car_control/cmake/mpc_car_control__rosidl_typesupport_cppExport-noconfig.cmake\n'}
[17.722535] (mpc_car_control) StdoutLine: {'line': b'-- Installing: /home/yucheng/mpc_motion_control_projects/install/mpc_car_control/share/mpc_car_control/cmake/rosidl_cmake-extras.cmake\n'}
[17.722676] (mpc_car_control) StdoutLine: {'line': b'-- Installing: /home/yucheng/mpc_motion_control_projects/install/mpc_car_control/share/mpc_car_control/cmake/ament_cmake_export_dependencies-extras.cmake\n'}
[17.722822] (mpc_car_control) StdoutLine: {'line': b'-- Installing: /home/yucheng/mpc_motion_control_projects/install/mpc_car_control/share/mpc_car_control/cmake/ament_cmake_export_libraries-extras.cmake\n'}
[17.722994] (mpc_car_control) StdoutLine: {'line': b'-- Installing: /home/yucheng/mpc_motion_control_projects/install/mpc_car_control/share/mpc_car_control/cmake/ament_cmake_export_targets-extras.cmake\n'}
[17.723126] (mpc_car_control) StdoutLine: {'line': b'-- Installing: /home/yucheng/mpc_motion_control_projects/install/mpc_car_control/share/mpc_car_control/cmake/ament_cmake_export_include_directories-extras.cmake\n'}
[17.723249] (mpc_car_control) StdoutLine: {'line': b'-- Installing: /home/yucheng/mpc_motion_control_projects/install/mpc_car_control/share/mpc_car_control/cmake/rosidl_cmake_export_typesupport_libraries-extras.cmake\n'}
[17.723377] (mpc_car_control) StdoutLine: {'line': b'-- Installing: /home/yucheng/mpc_motion_control_projects/install/mpc_car_control/share/mpc_car_control/cmake/rosidl_cmake_export_typesupport_targets-extras.cmake\n'}
[17.723518] (mpc_car_control) StdoutLine: {'line': b'-- Installing: /home/yucheng/mpc_motion_control_projects/install/mpc_car_control/share/mpc_car_control/cmake/mpc_car_controlConfig.cmake\n'}
[17.723628] (mpc_car_control) StdoutLine: {'line': b'-- Installing: /home/yucheng/mpc_motion_control_projects/install/mpc_car_control/share/mpc_car_control/cmake/mpc_car_controlConfig-version.cmake\n'}
[17.723737] (mpc_car_control) StdoutLine: {'line': b'-- Installing: /home/yucheng/mpc_motion_control_projects/install/mpc_car_control/share/mpc_car_control/package.xml\n'}
[17.725461] (mpc_car_control) CommandEnded: {'returncode': 0}
[17.744094] (-) TimerEvent: {}
[17.844503] (-) TimerEvent: {}
[17.926224] (mpc_car_control) JobEnded: {'identifier': 'mpc_car_control', 'rc': 0}
[17.926901] (-) EventReactorShutdown: {}
