[0.000000] (-) TimerEvent: {}
[0.000113] (mpc_car_control) JobQueued: {'identifier': 'mpc_car_control', 'dependencies': OrderedDict()}
[0.000817] (mpc_car_control) JobStarted: {'identifier': 'mpc_car_control'}
[0.024033] (mpc_car_control) JobProgress: {'identifier': 'mpc_car_control', 'progress': 'cmake'}
[0.024994] (mpc_car_control) Command: {'cmd': ['/usr/local/bin/cmake', '/home/yucheng/mpc_motion_control_projects/mpc_ws/src/mpc_car_control', '-DCMAKE_INSTALL_PREFIX=/home/yucheng/mpc_motion_control_projects/mpc_ws/install/mpc_car_control'], 'cwd': '/home/yucheng/mpc_motion_control_projects/mpc_ws/build/mpc_car_control', 'env': OrderedDict([('GJS_DEBUG_TOPICS', 'JS ERROR;JS LOG'), ('APPCODE_VM_OPTIONS', '/home/yucheng/Downloads/linux/2022/_content/vmoptions/appcode.vmoptions'), ('PYTHON_BASIC_REPL', '1'), ('LESSOPEN', '| /usr/bin/lesspipe %s'), ('GATEWAY_VM_OPTIONS', '/home/yucheng/Downloads/linux/2022/_content/vmoptions/gateway.vmoptions'), ('LANGUAGE', 'zh_CN:en_AU:en'), ('USER', 'yucheng'), ('LC_TIME', 'zh_CN.UTF-8'), ('MESA_LOADER_DRIVER_OVERRIDE', 'i965'), ('WEBSTORM_VM_OPTIONS', '/home/yucheng/Downloads/linux/2022/_content/vmoptions/webstorm.vmoptions'), ('WEBIDE_VM_OPTIONS', '/home/yucheng/Downloads/linux/2022/_content/vmoptions/webide.vmoptions'), ('SSH_AGENT_PID', '1654'), ('XDG_SESSION_TYPE', 'x11'), ('GIT_ASKPASS', '/usr/share/antigravity/resources/app/extensions/git/dist/askpass.sh'), ('SHLVL', '1'), ('LD_LIBRARY_PATH', '/usr/local/cuda-12.0/lib64:/home/yucheng/mpc_motion_control_projects/mpc_ws/install/mpc_car_control/lib:/opt/ros/foxy/opt/yaml_cpp_vendor/lib:/opt/ros/foxy/opt/rviz_ogre_vendor/lib:/opt/ros/foxy/lib/x86_64-linux-gnu:/opt/ros/foxy/lib:/usr/local/cuda-12.0/lib64'), ('QT4_IM_MODULE', 'fcitx'), ('ANTIGRAVITY_CLI_ALIAS', 'agy'), ('HOME', '/home/yucheng'), ('CHROME_DESKTOP', 'antigravity.desktop'), ('OLDPWD', '/home/yucheng/mpc_motion_control_projects'), ('TERM_PROGRAM_VERSION', '1.104.0'), ('DESKTOP_SESSION', 'ubuntu'), ('GIO_LAUNCHED_DESKTOP_FILE', '/usr/share/applications/antigravity.desktop'), ('ROS_PYTHON_VERSION', '3'), ('GNOME_SHELL_SESSION_MODE', 'ubuntu'), ('GTK_MODULES', 'gail:atk-bridge'), ('PAGER', 'cat'), ('VSCODE_GIT_ASKPASS_MAIN', '/usr/share/antigravity/resources/app/extensions/git/dist/askpass-main.js'), ('LC_MONETARY', 'zh_CN.UTF-8'), ('VSCODE_GIT_ASKPASS_NODE', '/usr/share/antigravity/antigravity'), ('MANAGERPID', '1371'), ('PYDEVD_DISABLE_FILE_VALIDATION', '1'), ('DATASPELL_VM_OPTIONS', '/home/yucheng/Downloads/linux/2022/_content/vmoptions/dataspell.vmoptions'), ('BUNDLED_DEBUGPY_PATH', '/home/yucheng/.antigravity/extensions/ms-python.debugpy-2025.14.1-linux-x64/bundled/libs/debugpy'), ('VSCODE_PYTHON_AUTOACTIVATE_GUARD', '1'), ('DATAGRIP_VM_OPTIONS', '/home/yucheng/Downloads/linux/2022/_content/vmoptions/datagrip.vmoptions'), ('DBUS_SESSION_BUS_ADDRESS', 'unix:path=/run/user/1000/bus'), ('COLORTERM', 'truecolor'), ('IDEA_VM_OPTIONS', '/home/yucheng/Downloads/linux/2022/_content/vmoptions/idea.vmoptions'), ('ANTIGRAVITY_AGENT', '1'), ('GIO_LAUNCHED_DESKTOP_FILE_PID', '3438'), ('MANDATORY_PATH', '/usr/share/gconf/ubuntu.mandatory.path'), ('IM_CONFIG_PHASE', '1'), ('COLCON_PREFIX_PATH', '/home/yucheng/mpc_motion_control_projects/mpc_ws/install'), ('CLION_VM_OPTIONS', '/home/yucheng/Downloads/linux/2022/_content/vmoptions/clion.vmoptions'), ('ROS_DISTRO', 'foxy'), ('GTK_IM_MODULE', 'fcitx'), ('LOGNAME', 'yucheng'), ('JETBRAINSCLIENT_VM_OPTIONS', '/home/yucheng/Downloads/linux/2022/_content/vmoptions/jetbrainsclient.vmoptions'), ('JOURNAL_STREAM', '8:43283'), ('_', '/home/yucheng/.local/bin/colcon'), ('ROS_VERSION', '2'), ('XDG_SESSION_CLASS', 'user'), ('DEFAULTS_PATH', '/usr/share/gconf/ubuntu.default.path'), ('PHPSTORM_VM_OPTIONS', '/home/yucheng/Downloads/linux/2022/_content/vmoptions/phpstorm.vmoptions'), ('USERNAME', 'yucheng'), ('TERM', 'xterm-256color'), ('GNOME_DESKTOP_SESSION_ID', 'this-is-deprecated'), ('ROS_LOCALHOST_ONLY', '0'), ('WINDOWPATH', '2'), ('PATH', '/usr/local/bin:/usr/local/cuda-12.0/bin:/home/yucheng/.local/bin:/opt/ros/foxy/bin:/usr/local/bin:/usr/local/cuda-12.0/bin:/home/yucheng/.local/bin:/usr/local/sbin:/usr/local/bin:/usr/sbin:/usr/bin:/sbin:/bin:/usr/games:/usr/local/games:/snap/bin:/home/yucheng/.antigravity/extensions/ms-python.debugpy-2025.14.1-linux-x64/bundled/scripts/noConfigScripts'), ('SESSION_MANAGER', 'local/yucheng-Lenovo-Rescuer-Y7000:@/tmp/.ICE-unix/1700,unix/yucheng-Lenovo-Rescuer-Y7000:/tmp/.ICE-unix/1700'), ('INVOCATION_ID', '66d93d0136754e63a8f6eaba8cdf7ec2'), ('PAPERSIZE', 'a4'), ('RIDER_VM_OPTIONS', '/home/yucheng/Downloads/linux/2022/_content/vmoptions/rider.vmoptions'), ('XDG_MENU_PREFIX', 'gnome-'), ('LC_ADDRESS', 'zh_CN.UTF-8'), ('XDG_RUNTIME_DIR', '/run/user/1000'), ('GDK_BACKEND', 'x11'), ('DISPLAY', ':0'), ('VSCODE_DEBUGPY_ADAPTER_ENDPOINTS', '/home/yucheng/.antigravity/extensions/ms-python.debugpy-2025.14.1-linux-x64/.noConfigDebugAdapterEndpoints/endpoint-454ba53d4f1b844a.txt'), ('LANG', 'zh_CN.UTF-8'), ('XDG_CURRENT_DESKTOP', 'Unity'), ('PYTHONSTARTUP', '/home/yucheng/.config/Antigravity/User/workspaceStorage/f219ac6eba8d8d99e64bba645ca9d94f/ms-python.python/pythonrc.py'), ('LC_TELEPHONE', 'zh_CN.UTF-8'), ('GOLAND_VM_OPTIONS', '/home/yucheng/Downloads/linux/2022/_content/vmoptions/goland.vmoptions'), ('XMODIFIERS', '@im=fcitx'), ('XDG_SESSION_DESKTOP', 'ubuntu'), ('XAUTHORITY', '/run/user/1000/gdm/Xauthority'), ('LS_COLORS', 'rs=0:di=01;34:ln=01;36:mh=00:pi=40;33:so=01;35:do=01;35:bd=40;33;01:cd=40;33;01:or=40;31;01:mi=00:su=37;41:sg=30;43:ca=30;41:tw=30;42:ow=34;42:st=37;44:ex=01;32:*.tar=01;31:*.tgz=01;31:*.arc=01;31:*.arj=01;31:*.taz=01;31:*.lha=01;31:*.lz4=01;31:*.lzh=01;31:*.lzma=01;31:*.tlz=01;31:*.txz=01;31:*.tzo=01;31:*.t7z=01;31:*.zip=01;31:*.z=01;31:*.dz=01;31:*.gz=01;31:*.lrz=01;31:*.lz=01;31:*.lzo=01;31:*.xz=01;31:*.zst=01;31:*.tzst=01;31:*.bz2=01;31:*.bz=01;31:*.tbz=01;31:*.tbz2=01;31:*.tz=01;31:*.deb=01;31:*.rpm=01;31:*.jar=01;31:*.war=01;31:*.ear=01;31:*.sar=01;31:*.rar=01;31:*.alz=01;31:*.ace=01;31:*.zoo=01;31:*.cpio=01;31:*.7z=01;31:*.rz=01;31:*.cab=01;31:*.wim=01;31:*.swm=01;31:*.dwm=01;31:*.esd=01;31:*.jpg=01;35:*.jpeg=01;35:*.mjpg=01;35:*.mjpeg=01;35:*.gif=01;35:*.bmp=01;35:*.pbm=01;35:*.pgm=01;35:*.ppm=01;35:*.tga=01;35:*.xbm=01;35:*.xpm=01;35:*.tif=01;35:*.tiff=01;35:*.png=01;35:*.svg=01;35:*.svgz=01;35:*.mng=01;35:*.pcx=01;35:*.mov=01;35:*.mpg=01;35:*.mpeg=01;35:*.m2v=01;35:*.mkv=01;35:*.webm=01;35:*.ogm=01;35:*.mp4=01;35:*.m4v=01;35:*.mp4v=01;35:*.vob=01;35:*.qt=01;35:*.nuv=01;35:*.wmv=01;35:*.asf=01;35:*.rm=01;35:*.rmvb=01;35:*.flc=01;35:*.avi=01;35:*.fli=01;35:*.flv=01;35:*.gl=01;35:*.dl=01;35:*.xcf=01;35:*.xwd=01;35:*.yuv=01;35:*.cgm=01;35:*.emf=01;35:*.ogv=01;35:*.ogx=01;35:*.aac=00;36:*.au=00;36:*.flac=00;36:*.m4a=00;36:*.mid=00;36:*.midi=00;36:*.mka=00;36:*.mp3=00;36:*.mpc=00;36:*.ogg=00;36:*.ra=00;36:*.wav=00;36:*.oga=00;36:*.opus=00;36:*.spx=00;36:*.xspf=00;36:'), ('VSCODE_GIT_IPC_HANDLE', '/run/user/1000/vscode-git-a95e87445e.sock'), ('TERM_PROGRAM', 'vscode'), ('SSH_AUTH_SOCK', '/run/user/1000/keyring/ssh'), ('ROS_DOMAIN_ID', '0'), ('AMENT_PREFIX_PATH', '/home/yucheng/mpc_motion_control_projects/mpc_ws/install/mpc_car_control:/opt/ros/foxy'), ('ORIGINAL_XDG_CURRENT_DESKTOP', 'ubuntu:GNOME'), ('SHELL', '/bin/bash'), ('LC_NAME', 'zh_CN.UTF-8'), ('QT_ACCESSIBILITY', '1'), ('GDMSESSION', 'ubuntu'), ('LESSCLOSE', '/usr/bin/lesspipe %s %s'), ('LC_MEASUREMENT', 'zh_CN.UTF-8'), ('PYCHARM_VM_OPTIONS', '/home/yucheng/Downloads/linux/2022/_content/vmoptions/pycharm.vmoptions'), ('GPG_AGENT_INFO', '/run/user/1000/gnupg/S.gpg-agent:0:1'), ('GJS_DEBUG_OUTPUT', 'stderr'), ('LC_IDENTIFICATION', 'zh_CN.UTF-8'), ('VSCODE_GIT_ASKPASS_EXTRA_ARGS', ''), ('QT_IM_MODULE', 'fcitx'), ('RUBYMINE_VM_OPTIONS', '/home/yucheng/Downloads/linux/2022/_content/vmoptions/rubymine.vmoptions'), ('PWD', '/home/yucheng/mpc_motion_control_projects/mpc_ws/build/mpc_car_control'), ('JETBRAINS_CLIENT_VM_OPTIONS', '/home/yucheng/Downloads/linux/2022/_content/vmoptions/jetbrains_client.vmoptions'), ('LC_ALL', 'en_US.UTF-8'), ('XDG_CONFIG_DIRS', '/etc/xdg/xdg-ubuntu:/etc/xdg'), ('CLUTTER_IM_MODULE', 'fcitx'), ('XDG_DATA_DIRS', '/usr/share/ubuntu:/home/yucheng/.local/share/flatpak/exports/share:/var/lib/flatpak/exports/share:/usr/local/share/:/usr/share/:/var/lib/snapd/desktop'), ('PYTHONPATH', '/home/yucheng/mpc_motion_control_projects/mpc_ws/install/mpc_car_control/lib/python3.8/site-packages:/opt/ros/foxy/lib/python3.8/site-packages'), ('LC_NUMERIC', 'zh_CN.UTF-8'), ('LC_PAPER', 'zh_CN.UTF-8'), ('COLCON', '1'), ('CMAKE_PREFIX_PATH', '/home/yucheng/mpc_motion_control_projects/mpc_ws/install/mpc_car_control:/opt/ros/foxy')]), 'shell': False}
[0.032138] (mpc_car_control) StderrLine: {'line': b'\x1b[0mCMake Deprecation Warning at CMakeLists.txt:1 (cmake_minimum_required):\n'}
[0.032377] (mpc_car_control) StderrLine: {'line': b'  Compatibility with CMake < 3.10 will be removed from a future version of\n'}
[0.032444] (mpc_car_control) StderrLine: {'line': b'  CMake.\n'}
[0.032504] (mpc_car_control) StderrLine: {'line': b'\n'}
[0.032560] (mpc_car_control) StderrLine: {'line': b'  Update the VERSION argument <min> value.  Or, use the <min>...<max> syntax\n'}
[0.032617] (mpc_car_control) StderrLine: {'line': b'  to tell CMake that the project requires at least <min> but has been updated\n'}
[0.032685] (mpc_car_control) StderrLine: {'line': b'  to work with policies introduced by <max> or earlier.\n'}
[0.032785] (mpc_car_control) StderrLine: {'line': b'\n'}
[0.032845] (mpc_car_control) StderrLine: {'line': b'\x1b[0m\n'}
[0.043319] (mpc_car_control) StdoutLine: {'line': b'-- Found ament_cmake: 0.9.12 (/opt/ros/foxy/share/ament_cmake/cmake)\n'}
[0.044839] (mpc_car_control) StderrLine: {'line': b'\x1b[33mCMake Warning (dev) at /opt/ros/foxy/share/ament_cmake_core/cmake/core/python.cmake:22 (find_package):\n'}
[0.045078] (mpc_car_control) StderrLine: {'line': b'  Policy CMP0148 is not set: The FindPythonInterp and FindPythonLibs modules\n'}
[0.045210] (mpc_car_control) StderrLine: {'line': b'  are removed.  Run "cmake --help-policy CMP0148" for policy details.  Use\n'}
[0.045287] (mpc_car_control) StderrLine: {'line': b'  the cmake_policy command to set the policy and suppress this warning.\n'}
[0.045347] (mpc_car_control) StderrLine: {'line': b'\n'}
[0.045410] (mpc_car_control) StderrLine: {'line': b'Call Stack (most recent call first):\n'}
[0.045468] (mpc_car_control) StderrLine: {'line': b'  /opt/ros/foxy/share/ament_cmake_core/cmake/core/all.cmake:53 (include)\n'}
[0.045525] (mpc_car_control) StderrLine: {'line': b'  /opt/ros/foxy/share/ament_cmake_core/cmake/ament_cmake_core-extras.cmake:17 (include)\n'}
[0.045581] (mpc_car_control) StderrLine: {'line': b'  /opt/ros/foxy/share/ament_cmake_core/cmake/ament_cmake_coreConfig.cmake:41 (include)\n'}
[0.045635] (mpc_car_control) StderrLine: {'line': b'  /opt/ros/foxy/share/ament_cmake/cmake/ament_cmake_export_dependencies-extras.cmake:15 (find_package)\n'}
[0.045691] (mpc_car_control) StderrLine: {'line': b'  /opt/ros/foxy/share/ament_cmake/cmake/ament_cmakeConfig.cmake:41 (include)\n'}
[0.045746] (mpc_car_control) StderrLine: {'line': b'  CMakeLists.txt:19 (find_package)\n'}
[0.045801] (mpc_car_control) StderrLine: {'line': b'This warning is for project developers.  Use -Wno-dev to suppress it.\n'}
[0.045856] (mpc_car_control) StderrLine: {'line': b'\x1b[0m\n'}
[0.063154] (mpc_car_control) StdoutLine: {'line': b'-- Found PythonInterp: /usr/bin/python3 (found suitable version "3.8.10", minimum required is "3")\n'}
[0.063299] (mpc_car_control) StdoutLine: {'line': b'-- Using PYTHON_EXECUTABLE: /usr/bin/python3\n'}
[0.099705] (-) TimerEvent: {}
[0.200018] (-) TimerEvent: {}
[0.241663] (mpc_car_control) StdoutLine: {'line': b'-- Found rclcpp: 2.4.3 (/opt/ros/foxy/share/rclcpp/cmake)\n'}
[0.273884] (mpc_car_control) StdoutLine: {'line': b'-- Using all available rosidl_typesupport_c: rosidl_typesupport_fastrtps_c;rosidl_typesupport_introspection_c\n'}
[0.277176] (mpc_car_control) StdoutLine: {'line': b'-- Found rosidl_adapter: 1.3.1 (/opt/ros/foxy/share/rosidl_adapter/cmake)\n'}
[0.300152] (-) TimerEvent: {}
[0.390931] (mpc_car_control) StdoutLine: {'line': b'-- Using all available rosidl_typesupport_cpp: rosidl_typesupport_fastrtps_cpp;rosidl_typesupport_introspection_cpp\n'}
[0.400259] (-) TimerEvent: {}
[0.435618] (mpc_car_control) StdoutLine: {'line': b'-- Found rmw_implementation_cmake: 1.0.4 (/opt/ros/foxy/share/rmw_implementation_cmake/cmake)\n'}
[0.436847] (mpc_car_control) StdoutLine: {'line': b"-- Using RMW implementation 'rmw_fastrtps_cpp' as default\n"}
[0.500380] (-) TimerEvent: {}
[0.560001] (mpc_car_control) StdoutLine: {'line': b'-- Found visualization_msgs: 2.0.5 (/opt/ros/foxy/share/visualization_msgs/cmake)\n'}
[0.600507] (-) TimerEvent: {}
[0.686274] (mpc_car_control) StdoutLine: {'line': b'-- Found tf2: 0.13.14 (/opt/ros/foxy/share/tf2/cmake)\n'}
[0.700639] (-) TimerEvent: {}
[0.702984] (mpc_car_control) StdoutLine: {'line': b'-- Found tf2_ros: 0.13.14 (/opt/ros/foxy/share/tf2_ros/cmake)\n'}
[0.800771] (-) TimerEvent: {}
[0.900991] (-) TimerEvent: {}
[1.001275] (-) TimerEvent: {}
[1.027323] (mpc_car_control) StdoutLine: {'line': b'-- Found tf2_geometry_msgs: 0.13.14 (/opt/ros/foxy/share/tf2_geometry_msgs/cmake)\n'}
[1.032698] (mpc_car_control) StdoutLine: {'line': b'-- Found eigen3_cmake_module: 0.1.1 (/opt/ros/foxy/share/eigen3_cmake_module/cmake)\n'}
[1.056365] (mpc_car_control) StdoutLine: {'line': b'-- Found ament_lint_auto: 0.9.8 (/opt/ros/foxy/share/ament_lint_auto/cmake)\n'}
[1.101354] (-) TimerEvent: {}
[1.113174] (mpc_car_control) StdoutLine: {'line': b'-- Found rosidl_default_generators: 1.0.1 (/opt/ros/foxy/share/rosidl_default_generators/cmake)\n'}
[1.122801] (mpc_car_control) StderrLine: {'line': b'\x1b[33mCMake Warning (dev) at /opt/ros/foxy/share/rosidl_adapter/cmake/rosidl_adapt_interfaces.cmake:40 (find_package):\n'}
[1.122995] (mpc_car_control) StderrLine: {'line': b'  Policy CMP0148 is not set: The FindPythonInterp and FindPythonLibs modules\n'}
[1.123098] (mpc_car_control) StderrLine: {'line': b'  are removed.  Run "cmake --help-policy CMP0148" for policy details.  Use\n'}
[1.123194] (mpc_car_control) StderrLine: {'line': b'  the cmake_policy command to set the policy and suppress this warning.\n'}
[1.123289] (mpc_car_control) StderrLine: {'line': b'\n'}
[1.123382] (mpc_car_control) StderrLine: {'line': b'Call Stack (most recent call first):\n'}
[1.123473] (mpc_car_control) StderrLine: {'line': b'  /opt/ros/foxy/share/rosidl_cmake/cmake/rosidl_generate_interfaces.cmake:130 (rosidl_adapt_interfaces)\n'}
[1.123565] (mpc_car_control) StderrLine: {'line': b'  CMakeLists.txt:44 (rosidl_generate_interfaces)\n'}
[1.123658] (mpc_car_control) StderrLine: {'line': b'This warning is for project developers.  Use -Wno-dev to suppress it.\n'}
[1.123750] (mpc_car_control) StderrLine: {'line': b'\x1b[0m\n'}
[1.141272] (mpc_car_control) StdoutLine: {'line': b'-- Found PythonInterp: /usr/bin/python3 (found version "3.8.10")\n'}
[1.201476] (-) TimerEvent: {}
[1.268399] (mpc_car_control) StdoutLine: {'line': b'-- Found ament_cmake_ros: 0.9.2 (/opt/ros/foxy/share/ament_cmake_ros/cmake)\n'}
[1.301636] (-) TimerEvent: {}
[1.401958] (-) TimerEvent: {}
[1.485463] (mpc_car_control) StdoutLine: {'line': b'-- Using all available rosidl_typesupport_c: rosidl_typesupport_fastrtps_c;rosidl_typesupport_introspection_c\n'}
[1.502085] (-) TimerEvent: {}
[1.575290] (mpc_car_control) StdoutLine: {'line': b'-- Using all available rosidl_typesupport_cpp: rosidl_typesupport_fastrtps_cpp;rosidl_typesupport_introspection_cpp\n'}
[1.579359] (mpc_car_control) StderrLine: {'line': b'\x1b[33mCMake Warning (dev) at /opt/ros/foxy/share/rosidl_generator_py/cmake/rosidl_generator_py_generate_interfaces.cmake:20 (find_package):\n'}
[1.579547] (mpc_car_control) StderrLine: {'line': b'  Policy CMP0148 is not set: The FindPythonInterp and FindPythonLibs modules\n'}
[1.579650] (mpc_car_control) StderrLine: {'line': b'  are removed.  Run "cmake --help-policy CMP0148" for policy details.  Use\n'}
[1.579780] (mpc_car_control) StderrLine: {'line': b'  the cmake_policy command to set the policy and suppress this warning.\n'}
[1.579874] (mpc_car_control) StderrLine: {'line': b'\n'}
[1.579963] (mpc_car_control) StderrLine: {'line': b'Call Stack (most recent call first):\n'}
[1.580062] (mpc_car_control) StderrLine: {'line': b'  /opt/ros/foxy/share/ament_cmake_core/cmake/core/ament_execute_extensions.cmake:48 (include)\n'}
[1.580189] (mpc_car_control) StderrLine: {'line': b'  /opt/ros/foxy/share/rosidl_cmake/cmake/rosidl_generate_interfaces.cmake:286 (ament_execute_extensions)\n'}
[1.580304] (mpc_car_control) StderrLine: {'line': b'  CMakeLists.txt:44 (rosidl_generate_interfaces)\n'}
[1.580410] (mpc_car_control) StderrLine: {'line': b'This warning is for project developers.  Use -Wno-dev to suppress it.\n'}
[1.580518] (mpc_car_control) StderrLine: {'line': b'\x1b[0m\n'}
[1.599065] (mpc_car_control) StdoutLine: {'line': b'-- Found PythonInterp: /usr/bin/python3 (found suitable version "3.8.10", minimum required is "3.5")\n'}
[1.599376] (mpc_car_control) StdoutLine: {'line': b'-- Found python_cmake_module: 0.8.1 (/opt/ros/foxy/share/python_cmake_module/cmake)\n'}
[1.599823] (mpc_car_control) StderrLine: {'line': b'\x1b[33mCMake Warning (dev) at /opt/ros/foxy/share/python_cmake_module/cmake/Modules/FindPythonExtra.cmake:45 (find_package):\n'}
[1.599965] (mpc_car_control) StderrLine: {'line': b'  Policy CMP0148 is not set: The FindPythonInterp and FindPythonLibs modules\n'}
[1.600060] (mpc_car_control) StderrLine: {'line': b'  are removed.  Run "cmake --help-policy CMP0148" for policy details.  Use\n'}
[1.600145] (mpc_car_control) StderrLine: {'line': b'  the cmake_policy command to set the policy and suppress this warning.\n'}
[1.600250] (mpc_car_control) StderrLine: {'line': b'\n'}
[1.600346] (mpc_car_control) StderrLine: {'line': b'Call Stack (most recent call first):\n'}
[1.600443] (mpc_car_control) StderrLine: {'line': b'  /opt/ros/foxy/share/rosidl_generator_py/cmake/rosidl_generator_py_generate_interfaces.cmake:23 (find_package)\n'}
[1.600539] (mpc_car_control) StderrLine: {'line': b'  /opt/ros/foxy/share/ament_cmake_core/cmake/core/ament_execute_extensions.cmake:48 (include)\n'}
[1.600633] (mpc_car_control) StderrLine: {'line': b'  /opt/ros/foxy/share/rosidl_cmake/cmake/rosidl_generate_interfaces.cmake:286 (ament_execute_extensions)\n'}
[1.600727] (mpc_car_control) StderrLine: {'line': b'  CMakeLists.txt:44 (rosidl_generate_interfaces)\n'}
[1.600838] (mpc_car_control) StderrLine: {'line': b'This warning is for project developers.  Use -Wno-dev to suppress it.\n'}
[1.600933] (mpc_car_control) StderrLine: {'line': b'\x1b[0m\n'}
[1.602171] (-) TimerEvent: {}
[1.619938] (mpc_car_control) StderrLine: {'line': b'\x1b[33mCMake Warning (dev) at /opt/ros/foxy/share/python_cmake_module/cmake/Modules/FindPythonExtra.cmake:133 (find_package):\n'}
[1.620083] (mpc_car_control) StderrLine: {'line': b'  Policy CMP0148 is not set: The FindPythonInterp and FindPythonLibs modules\n'}
[1.620148] (mpc_car_control) StderrLine: {'line': b'  are removed.  Run "cmake --help-policy CMP0148" for policy details.  Use\n'}
[1.620207] (mpc_car_control) StderrLine: {'line': b'  the cmake_policy command to set the policy and suppress this warning.\n'}
[1.620264] (mpc_car_control) StderrLine: {'line': b'\n'}
[1.620318] (mpc_car_control) StderrLine: {'line': b'Call Stack (most recent call first):\n'}
[1.620373] (mpc_car_control) StderrLine: {'line': b'  /opt/ros/foxy/share/rosidl_generator_py/cmake/rosidl_generator_py_generate_interfaces.cmake:23 (find_package)\n'}
[1.620427] (mpc_car_control) StderrLine: {'line': b'  /opt/ros/foxy/share/ament_cmake_core/cmake/core/ament_execute_extensions.cmake:48 (include)\n'}
[1.620481] (mpc_car_control) StderrLine: {'line': b'  /opt/ros/foxy/share/rosidl_cmake/cmake/rosidl_generate_interfaces.cmake:286 (ament_execute_extensions)\n'}
[1.620544] (mpc_car_control) StderrLine: {'line': b'  CMakeLists.txt:44 (rosidl_generate_interfaces)\n'}
[1.620598] (mpc_car_control) StderrLine: {'line': b'This warning is for project developers.  Use -Wno-dev to suppress it.\n'}
[1.620653] (mpc_car_control) StderrLine: {'line': b'\x1b[0m\n'}
[1.621685] (mpc_car_control) StdoutLine: {'line': b'-- Using PYTHON_EXECUTABLE: /usr/bin/python3\n'}
[1.621782] (mpc_car_control) StdoutLine: {'line': b'-- Using PYTHON_INCLUDE_DIRS: /usr/include/python3.8\n'}
[1.621854] (mpc_car_control) StdoutLine: {'line': b'-- Using PYTHON_LIBRARIES: /usr/lib/x86_64-linux-gnu/libpython3.8.so\n'}
[1.674651] (mpc_car_control) StdoutLine: {'line': b"-- Added test 'copyright' to check source files copyright and LICENSE\n"}
[1.676571] (mpc_car_control) StdoutLine: {'line': b"-- Added test 'cppcheck' to perform static code analysis on C / C++ code\n"}
[1.677927] (mpc_car_control) StdoutLine: {'line': b'-- Configured cppcheck include dirs: \n'}
[1.678089] (mpc_car_control) StdoutLine: {'line': b'-- Configured cppcheck exclude dirs and/or files: \n'}
[1.679741] (mpc_car_control) StdoutLine: {'line': b"-- Added test 'cpplint' to check C / C++ code against the Google style\n"}
[1.679894] (mpc_car_control) StdoutLine: {'line': b'-- Configured cpplint exclude dirs and/or files: \n'}
[1.680647] (mpc_car_control) StdoutLine: {'line': b"-- Added test 'flake8' to check Python code syntax and style conventions\n"}
[1.681551] (mpc_car_control) StdoutLine: {'line': b"-- Added test 'lint_cmake' to check CMake code style\n"}
[1.682204] (mpc_car_control) StdoutLine: {'line': b"-- Added test 'pep257' to check Python code against some of the style conventions in PEP 257\n"}
[1.683977] (mpc_car_control) StdoutLine: {'line': b"-- Added test 'uncrustify' to check C / C++ code style\n"}
[1.684070] (mpc_car_control) StdoutLine: {'line': b'-- Configured uncrustify additional arguments: \n'}
[1.684653] (mpc_car_control) StdoutLine: {'line': b"-- Added test 'xmllint' to check XML markup files\n"}
[1.690514] (mpc_car_control) StdoutLine: {'line': b'-- Configuring done (1.7s)\n'}
[1.702259] (-) TimerEvent: {}
[1.779030] (mpc_car_control) StdoutLine: {'line': b'-- Generating done (0.1s)\n'}
[1.779440] (mpc_car_control) StdoutLine: {'line': b'-- Build files have been written to: /home/yucheng/mpc_motion_control_projects/mpc_ws/build/mpc_car_control\n'}
[1.788453] (mpc_car_control) CommandEnded: {'returncode': 0}
[1.789199] (mpc_car_control) JobProgress: {'identifier': 'mpc_car_control', 'progress': 'build'}
[1.789885] (mpc_car_control) Command: {'cmd': ['/usr/local/bin/cmake', '--build', '/home/yucheng/mpc_motion_control_projects/mpc_ws/build/mpc_car_control', '--', '-j12', '-l12'], 'cwd': '/home/yucheng/mpc_motion_control_projects/mpc_ws/build/mpc_car_control', 'env': OrderedDict([('GJS_DEBUG_TOPICS', 'JS ERROR;JS LOG'), ('APPCODE_VM_OPTIONS', '/home/yucheng/Downloads/linux/2022/_content/vmoptions/appcode.vmoptions'), ('PYTHON_BASIC_REPL', '1'), ('LESSOPEN', '| /usr/bin/lesspipe %s'), ('GATEWAY_VM_OPTIONS', '/home/yucheng/Downloads/linux/2022/_content/vmoptions/gateway.vmoptions'), ('LANGUAGE', 'zh_CN:en_AU:en'), ('USER', 'yucheng'), ('LC_TIME', 'zh_CN.UTF-8'), ('MESA_LOADER_DRIVER_OVERRIDE', 'i965'), ('WEBSTORM_VM_OPTIONS', '/home/yucheng/Downloads/linux/2022/_content/vmoptions/webstorm.vmoptions'), ('WEBIDE_VM_OPTIONS', '/home/yucheng/Downloads/linux/2022/_content/vmoptions/webide.vmoptions'), ('SSH_AGENT_PID', '1654'), ('XDG_SESSION_TYPE', 'x11'), ('GIT_ASKPASS', '/usr/share/antigravity/resources/app/extensions/git/dist/askpass.sh'), ('SHLVL', '1'), ('LD_LIBRARY_PATH', '/usr/local/cuda-12.0/lib64:/home/yucheng/mpc_motion_control_projects/mpc_ws/install/mpc_car_control/lib:/opt/ros/foxy/opt/yaml_cpp_vendor/lib:/opt/ros/foxy/opt/rviz_ogre_vendor/lib:/opt/ros/foxy/lib/x86_64-linux-gnu:/opt/ros/foxy/lib:/usr/local/cuda-12.0/lib64'), ('QT4_IM_MODULE', 'fcitx'), ('ANTIGRAVITY_CLI_ALIAS', 'agy'), ('HOME', '/home/yucheng'), ('CHROME_DESKTOP', 'antigravity.desktop'), ('OLDPWD', '/home/yucheng/mpc_motion_control_projects'), ('TERM_PROGRAM_VERSION', '1.104.0'), ('DESKTOP_SESSION', 'ubuntu'), ('GIO_LAUNCHED_DESKTOP_FILE', '/usr/share/applications/antigravity.desktop'), ('ROS_PYTHON_VERSION', '3'), ('GNOME_SHELL_SESSION_MODE', 'ubuntu'), ('GTK_MODULES', 'gail:atk-bridge'), ('PAGER', 'cat'), ('VSCODE_GIT_ASKPASS_MAIN', '/usr/share/antigravity/resources/app/extensions/git/dist/askpass-main.js'), ('LC_MONETARY', 'zh_CN.UTF-8'), ('VSCODE_GIT_ASKPASS_NODE', '/usr/share/antigravity/antigravity'), ('MANAGERPID', '1371'), ('PYDEVD_DISABLE_FILE_VALIDATION', '1'), ('DATASPELL_VM_OPTIONS', '/home/yucheng/Downloads/linux/2022/_content/vmoptions/dataspell.vmoptions'), ('BUNDLED_DEBUGPY_PATH', '/home/yucheng/.antigravity/extensions/ms-python.debugpy-2025.14.1-linux-x64/bundled/libs/debugpy'), ('VSCODE_PYTHON_AUTOACTIVATE_GUARD', '1'), ('DATAGRIP_VM_OPTIONS', '/home/yucheng/Downloads/linux/2022/_content/vmoptions/datagrip.vmoptions'), ('DBUS_SESSION_BUS_ADDRESS', 'unix:path=/run/user/1000/bus'), ('COLORTERM', 'truecolor'), ('IDEA_VM_OPTIONS', '/home/yucheng/Downloads/linux/2022/_content/vmoptions/idea.vmoptions'), ('ANTIGRAVITY_AGENT', '1'), ('GIO_LAUNCHED_DESKTOP_FILE_PID', '3438'), ('MANDATORY_PATH', '/usr/share/gconf/ubuntu.mandatory.path'), ('IM_CONFIG_PHASE', '1'), ('COLCON_PREFIX_PATH', '/home/yucheng/mpc_motion_control_projects/mpc_ws/install'), ('CLION_VM_OPTIONS', '/home/yucheng/Downloads/linux/2022/_content/vmoptions/clion.vmoptions'), ('ROS_DISTRO', 'foxy'), ('GTK_IM_MODULE', 'fcitx'), ('LOGNAME', 'yucheng'), ('JETBRAINSCLIENT_VM_OPTIONS', '/home/yucheng/Downloads/linux/2022/_content/vmoptions/jetbrainsclient.vmoptions'), ('JOURNAL_STREAM', '8:43283'), ('_', '/home/yucheng/.local/bin/colcon'), ('ROS_VERSION', '2'), ('XDG_SESSION_CLASS', 'user'), ('DEFAULTS_PATH', '/usr/share/gconf/ubuntu.default.path'), ('PHPSTORM_VM_OPTIONS', '/home/yucheng/Downloads/linux/2022/_content/vmoptions/phpstorm.vmoptions'), ('USERNAME', 'yucheng'), ('TERM', 'xterm-256color'), ('GNOME_DESKTOP_SESSION_ID', 'this-is-deprecated'), ('ROS_LOCALHOST_ONLY', '0'), ('WINDOWPATH', '2'), ('PATH', '/usr/local/bin:/usr/local/cuda-12.0/bin:/home/yucheng/.local/bin:/opt/ros/foxy/bin:/usr/local/bin:/usr/local/cuda-12.0/bin:/home/yucheng/.local/bin:/usr/local/sbin:/usr/local/bin:/usr/sbin:/usr/bin:/sbin:/bin:/usr/games:/usr/local/games:/snap/bin:/home/yucheng/.antigravity/extensions/ms-python.debugpy-2025.14.1-linux-x64/bundled/scripts/noConfigScripts'), ('SESSION_MANAGER', 'local/yucheng-Lenovo-Rescuer-Y7000:@/tmp/.ICE-unix/1700,unix/yucheng-Lenovo-Rescuer-Y7000:/tmp/.ICE-unix/1700'), ('INVOCATION_ID', '66d93d0136754e63a8f6eaba8cdf7ec2'), ('PAPERSIZE', 'a4'), ('RIDER_VM_OPTIONS', '/home/yucheng/Downloads/linux/2022/_content/vmoptions/rider.vmoptions'), ('XDG_MENU_PREFIX', 'gnome-'), ('LC_ADDRESS', 'zh_CN.UTF-8'), ('XDG_RUNTIME_DIR', '/run/user/1000'), ('GDK_BACKEND', 'x11'), ('DISPLAY', ':0'), ('VSCODE_DEBUGPY_ADAPTER_ENDPOINTS', '/home/yucheng/.antigravity/extensions/ms-python.debugpy-2025.14.1-linux-x64/.noConfigDebugAdapterEndpoints/endpoint-454ba53d4f1b844a.txt'), ('LANG', 'zh_CN.UTF-8'), ('XDG_CURRENT_DESKTOP', 'Unity'), ('PYTHONSTARTUP', '/home/yucheng/.config/Antigravity/User/workspaceStorage/f219ac6eba8d8d99e64bba645ca9d94f/ms-python.python/pythonrc.py'), ('LC_TELEPHONE', 'zh_CN.UTF-8'), ('GOLAND_VM_OPTIONS', '/home/yucheng/Downloads/linux/2022/_content/vmoptions/goland.vmoptions'), ('XMODIFIERS', '@im=fcitx'), ('XDG_SESSION_DESKTOP', 'ubuntu'), ('XAUTHORITY', '/run/user/1000/gdm/Xauthority'), ('LS_COLORS', 'rs=0:di=01;34:ln=01;36:mh=00:pi=40;33:so=01;35:do=01;35:bd=40;33;01:cd=40;33;01:or=40;31;01:mi=00:su=37;41:sg=30;43:ca=30;41:tw=30;42:ow=34;42:st=37;44:ex=01;32:*.tar=01;31:*.tgz=01;31:*.arc=01;31:*.arj=01;31:*.taz=01;31:*.lha=01;31:*.lz4=01;31:*.lzh=01;31:*.lzma=01;31:*.tlz=01;31:*.txz=01;31:*.tzo=01;31:*.t7z=01;31:*.zip=01;31:*.z=01;31:*.dz=01;31:*.gz=01;31:*.lrz=01;31:*.lz=01;31:*.lzo=01;31:*.xz=01;31:*.zst=01;31:*.tzst=01;31:*.bz2=01;31:*.bz=01;31:*.tbz=01;31:*.tbz2=01;31:*.tz=01;31:*.deb=01;31:*.rpm=01;31:*.jar=01;31:*.war=01;31:*.ear=01;31:*.sar=01;31:*.rar=01;31:*.alz=01;31:*.ace=01;31:*.zoo=01;31:*.cpio=01;31:*.7z=01;31:*.rz=01;31:*.cab=01;31:*.wim=01;31:*.swm=01;31:*.dwm=01;31:*.esd=01;31:*.jpg=01;35:*.jpeg=01;35:*.mjpg=01;35:*.mjpeg=01;35:*.gif=01;35:*.bmp=01;35:*.pbm=01;35:*.pgm=01;35:*.ppm=01;35:*.tga=01;35:*.xbm=01;35:*.xpm=01;35:*.tif=01;35:*.tiff=01;35:*.png=01;35:*.svg=01;35:*.svgz=01;35:*.mng=01;35:*.pcx=01;35:*.mov=01;35:*.mpg=01;35:*.mpeg=01;35:*.m2v=01;35:*.mkv=01;35:*.webm=01;35:*.ogm=01;35:*.mp4=01;35:*.m4v=01;35:*.mp4v=01;35:*.vob=01;35:*.qt=01;35:*.nuv=01;35:*.wmv=01;35:*.asf=01;35:*.rm=01;35:*.rmvb=01;35:*.flc=01;35:*.avi=01;35:*.fli=01;35:*.flv=01;35:*.gl=01;35:*.dl=01;35:*.xcf=01;35:*.xwd=01;35:*.yuv=01;35:*.cgm=01;35:*.emf=01;35:*.ogv=01;35:*.ogx=01;35:*.aac=00;36:*.au=00;36:*.flac=00;36:*.m4a=00;36:*.mid=00;36:*.midi=00;36:*.mka=00;36:*.mp3=00;36:*.mpc=00;36:*.ogg=00;36:*.ra=00;36:*.wav=00;36:*.oga=00;36:*.opus=00;36:*.spx=00;36:*.xspf=00;36:'), ('VSCODE_GIT_IPC_HANDLE', '/run/user/1000/vscode-git-a95e87445e.sock'), ('TERM_PROGRAM', 'vscode'), ('SSH_AUTH_SOCK', '/run/user/1000/keyring/ssh'), ('ROS_DOMAIN_ID', '0'), ('AMENT_PREFIX_PATH', '/home/yucheng/mpc_motion_control_projects/mpc_ws/install/mpc_car_control:/opt/ros/foxy'), ('ORIGINAL_XDG_CURRENT_DESKTOP', 'ubuntu:GNOME'), ('SHELL', '/bin/bash'), ('LC_NAME', 'zh_CN.UTF-8'), ('QT_ACCESSIBILITY', '1'), ('GDMSESSION', 'ubuntu'), ('LESSCLOSE', '/usr/bin/lesspipe %s %s'), ('LC_MEASUREMENT', 'zh_CN.UTF-8'), ('PYCHARM_VM_OPTIONS', '/home/yucheng/Downloads/linux/2022/_content/vmoptions/pycharm.vmoptions'), ('GPG_AGENT_INFO', '/run/user/1000/gnupg/S.gpg-agent:0:1'), ('GJS_DEBUG_OUTPUT', 'stderr'), ('LC_IDENTIFICATION', 'zh_CN.UTF-8'), ('VSCODE_GIT_ASKPASS_EXTRA_ARGS', ''), ('QT_IM_MODULE', 'fcitx'), ('RUBYMINE_VM_OPTIONS', '/home/yucheng/Downloads/linux/2022/_content/vmoptions/rubymine.vmoptions'), ('PWD', '/home/yucheng/mpc_motion_control_projects/mpc_ws/build/mpc_car_control'), ('JETBRAINS_CLIENT_VM_OPTIONS', '/home/yucheng/Downloads/linux/2022/_content/vmoptions/jetbrains_client.vmoptions'), ('LC_ALL', 'en_US.UTF-8'), ('XDG_CONFIG_DIRS', '/etc/xdg/xdg-ubuntu:/etc/xdg'), ('CLUTTER_IM_MODULE', 'fcitx'), ('XDG_DATA_DIRS', '/usr/share/ubuntu:/home/yucheng/.local/share/flatpak/exports/share:/var/lib/flatpak/exports/share:/usr/local/share/:/usr/share/:/var/lib/snapd/desktop'), ('PYTHONPATH', '/home/yucheng/mpc_motion_control_projects/mpc_ws/install/mpc_car_control/lib/python3.8/site-packages:/opt/ros/foxy/lib/python3.8/site-packages'), ('LC_NUMERIC', 'zh_CN.UTF-8'), ('LC_PAPER', 'zh_CN.UTF-8'), ('COLCON', '1'), ('CMAKE_PREFIX_PATH', '/home/yucheng/mpc_motion_control_projects/mpc_ws/install/mpc_car_control:/opt/ros/foxy')]), 'shell': False}
[1.802414] (-) TimerEvent: {}
[1.815374] (mpc_car_control) StdoutLine: {'line': b'[  1%] \x1b[34m\x1b[1mGenerating C code for ROS interfaces\x1b[0m\n'}
[1.820421] (mpc_car_control) StdoutLine: {'line': b'[  2%] \x1b[34m\x1b[1mGenerating C++ code for ROS interfaces\x1b[0m\n'}
[1.902487] (-) TimerEvent: {}
[2.002780] (-) TimerEvent: {}
[2.103040] (-) TimerEvent: {}
[2.203295] (-) TimerEvent: {}
[2.237019] (mpc_car_control) StdoutLine: {'line': b'[  3%] \x1b[32mBuilding C object CMakeFiles/mpc_car_control__rosidl_generator_c.dir/rosidl_generator_c/mpc_car_control/msg/detail/vehicle_state__functions.c.o\x1b[0m\n'}
[2.237576] (mpc_car_control) StdoutLine: {'line': b'[  6%] \x1b[32mBuilding C object CMakeFiles/mpc_car_control__rosidl_generator_c.dir/rosidl_generator_c/mpc_car_control/msg/detail/wheel_ground_heights__functions.c.o\x1b[0m\n'}
[2.237789] (mpc_car_control) StdoutLine: {'line': b'[  6%] \x1b[32mBuilding C object CMakeFiles/mpc_car_control__rosidl_generator_c.dir/rosidl_generator_c/mpc_car_control/msg/detail/actuator_command__functions.c.o\x1b[0m\n'}
[2.237991] (mpc_car_control) StdoutLine: {'line': b'[  6%] Built target mpc_car_control__cpp\n'}
[2.238175] (mpc_car_control) StdoutLine: {'line': b'[  7%] \x1b[32mBuilding C object CMakeFiles/mpc_car_control__rosidl_generator_c.dir/rosidl_generator_c/mpc_car_control/msg/detail/reference_trajectory__functions.c.o\x1b[0m\n'}
[2.238327] (mpc_car_control) StdoutLine: {'line': b'[  9%] \x1b[32mBuilding C object CMakeFiles/mpc_car_control__rosidl_generator_c.dir/rosidl_generator_c/mpc_car_control/msg/detail/control_command_body__functions.c.o\x1b[0m\n'}
[2.245630] (mpc_car_control) StdoutLine: {'line': b'[ 12%] \x1b[34m\x1b[1mGenerating C++ type support for eProsima Fast-RTPS\x1b[0m\n'}
[2.245866] (mpc_car_control) StdoutLine: {'line': b'[ 12%] \x1b[34m\x1b[1mGenerating C++ type support dispatch for ROS interfaces\x1b[0m\n'}
[2.246031] (mpc_car_control) StdoutLine: {'line': b'[ 12%] \x1b[34m\x1b[1mGenerating C++ introspection for ROS interfaces\x1b[0m\n'}
[2.299739] (mpc_car_control) StdoutLine: {'line': b'[ 14%] \x1b[32m\x1b[1mLinking C shared library libmpc_car_control__rosidl_generator_c.so\x1b[0m\n'}
[2.303403] (-) TimerEvent: {}
[2.331915] (mpc_car_control) StdoutLine: {'line': b'[ 14%] Built target mpc_car_control__rosidl_generator_c\n'}
[2.337256] (mpc_car_control) StdoutLine: {'line': b'[ 16%] \x1b[34m\x1b[1mGenerating C introspection for ROS interfaces\x1b[0m\n'}
[2.337411] (mpc_car_control) StdoutLine: {'line': b'[ 16%] \x1b[34m\x1b[1mGenerating C type support dispatch for ROS interfaces\x1b[0m\n'}
[2.403524] (-) TimerEvent: {}
[2.503743] (-) TimerEvent: {}
[2.604013] (-) TimerEvent: {}
[2.612274] (mpc_car_control) StdoutLine: {'line': b'[ 18%] \x1b[32mBuilding CXX object CMakeFiles/mpc_car_control__rosidl_typesupport_c.dir/rosidl_typesupport_c/mpc_car_control/msg/vehicle_state__type_support.cpp.o\x1b[0m\n'}
[2.612984] (mpc_car_control) StdoutLine: {'line': b'[ 19%] \x1b[32mBuilding CXX object CMakeFiles/mpc_car_control__rosidl_typesupport_c.dir/rosidl_typesupport_c/mpc_car_control/msg/reference_trajectory__type_support.cpp.o\x1b[0m\n'}
[2.613241] (mpc_car_control) StdoutLine: {'line': b'[ 20%] \x1b[32mBuilding CXX object CMakeFiles/mpc_car_control__rosidl_typesupport_c.dir/rosidl_typesupport_c/mpc_car_control/msg/control_command_body__type_support.cpp.o\x1b[0m\n'}
[2.613541] (mpc_car_control) StdoutLine: {'line': b'[ 23%] \x1b[32mBuilding CXX object CMakeFiles/mpc_car_control__rosidl_typesupport_c.dir/rosidl_typesupport_c/mpc_car_control/msg/actuator_command__type_support.cpp.o\x1b[0m\n'}
[2.613684] (mpc_car_control) StdoutLine: {'line': b'[ 23%] \x1b[32mBuilding CXX object CMakeFiles/mpc_car_control__rosidl_typesupport_c.dir/rosidl_typesupport_c/mpc_car_control/msg/wheel_ground_heights__type_support.cpp.o\x1b[0m\n'}
[2.619063] (mpc_car_control) StdoutLine: {'line': b'[ 25%] \x1b[32mBuilding CXX object CMakeFiles/mpc_car_control__rosidl_typesupport_introspection_cpp.dir/rosidl_typesupport_introspection_cpp/mpc_car_control/msg/detail/vehicle_state__type_support.cpp.o\x1b[0m\n'}
[2.619343] (mpc_car_control) StdoutLine: {'line': b'[ 25%] \x1b[32mBuilding CXX object CMakeFiles/mpc_car_control__rosidl_typesupport_introspection_cpp.dir/rosidl_typesupport_introspection_cpp/mpc_car_control/msg/detail/reference_trajectory__type_support.cpp.o\x1b[0m\n'}
[2.619540] (mpc_car_control) StdoutLine: {'line': b'[ 27%] \x1b[32mBuilding CXX object CMakeFiles/mpc_car_control__rosidl_typesupport_introspection_cpp.dir/rosidl_typesupport_introspection_cpp/mpc_car_control/msg/detail/actuator_command__type_support.cpp.o\x1b[0m\n'}
[2.624248] (mpc_car_control) StdoutLine: {'line': b'[ 28%] \x1b[32mBuilding CXX object CMakeFiles/mpc_car_control__rosidl_typesupport_introspection_cpp.dir/rosidl_typesupport_introspection_cpp/mpc_car_control/msg/detail/control_command_body__type_support.cpp.o\x1b[0m\n'}
[2.660724] (mpc_car_control) StdoutLine: {'line': b'[ 29%] \x1b[32mBuilding CXX object CMakeFiles/mpc_car_control__rosidl_typesupport_introspection_cpp.dir/rosidl_typesupport_introspection_cpp/mpc_car_control/msg/detail/wheel_ground_heights__type_support.cpp.o\x1b[0m\n'}
[2.661863] (mpc_car_control) StdoutLine: {'line': b'[ 31%] \x1b[32mBuilding CXX object CMakeFiles/mpc_car_control__rosidl_typesupport_cpp.dir/rosidl_typesupport_cpp/mpc_car_control/msg/reference_trajectory__type_support.cpp.o\x1b[0m\n'}
[2.664609] (mpc_car_control) StdoutLine: {'line': b'[ 32%] \x1b[32mBuilding CXX object CMakeFiles/mpc_car_control__rosidl_typesupport_cpp.dir/rosidl_typesupport_cpp/mpc_car_control/msg/vehicle_state__type_support.cpp.o\x1b[0m\n'}
[2.665426] (mpc_car_control) StdoutLine: {'line': b'[ 33%] \x1b[32mBuilding CXX object CMakeFiles/mpc_car_control__rosidl_typesupport_cpp.dir/rosidl_typesupport_cpp/mpc_car_control/msg/control_command_body__type_support.cpp.o\x1b[0m\n'}
[2.666601] (mpc_car_control) StdoutLine: {'line': b'[ 35%] \x1b[32mBuilding CXX object CMakeFiles/mpc_car_control__rosidl_typesupport_cpp.dir/rosidl_typesupport_cpp/mpc_car_control/msg/actuator_command__type_support.cpp.o\x1b[0m\n'}
[2.671962] (mpc_car_control) StdoutLine: {'line': b'[ 36%] \x1b[32m\x1b[1mLinking CXX shared library libmpc_car_control__rosidl_typesupport_c.so\x1b[0m\n'}
[2.704131] (-) TimerEvent: {}
[2.733383] (mpc_car_control) StdoutLine: {'line': b'[ 36%] Built target mpc_car_control__rosidl_typesupport_c\n'}
[2.738991] (mpc_car_control) StdoutLine: {'line': b'[ 37%] \x1b[32mBuilding CXX object CMakeFiles/mpc_car_control__rosidl_typesupport_cpp.dir/rosidl_typesupport_cpp/mpc_car_control/msg/wheel_ground_heights__type_support.cpp.o\x1b[0m\n'}
[2.766825] (mpc_car_control) StdoutLine: {'line': b'[ 38%] \x1b[32mBuilding C object CMakeFiles/mpc_car_control__rosidl_typesupport_introspection_c.dir/rosidl_typesupport_introspection_c/mpc_car_control/msg/detail/vehicle_state__type_support.c.o\x1b[0m\n'}
[2.805014] (-) TimerEvent: {}
[2.846776] (mpc_car_control) StdoutLine: {'line': b'[ 40%] \x1b[32mBuilding C object CMakeFiles/mpc_car_control__rosidl_typesupport_introspection_c.dir/rosidl_typesupport_introspection_c/mpc_car_control/msg/detail/reference_trajectory__type_support.c.o\x1b[0m\n'}
[2.871656] (mpc_car_control) StdoutLine: {'line': b'[ 41%] \x1b[32mBuilding CXX object CMakeFiles/mpc_car_control__rosidl_typesupport_fastrtps_cpp.dir/rosidl_typesupport_fastrtps_cpp/mpc_car_control/msg/detail/dds_fastrtps/vehicle_state__type_support.cpp.o\x1b[0m\n'}
[2.898161] (mpc_car_control) StdoutLine: {'line': b'[ 42%] \x1b[32mBuilding C object CMakeFiles/mpc_car_control__rosidl_typesupport_introspection_c.dir/rosidl_typesupport_introspection_c/mpc_car_control/msg/detail/control_command_body__type_support.c.o\x1b[0m\n'}
[2.905111] (-) TimerEvent: {}
[2.997713] (mpc_car_control) StdoutLine: {'line': b'[ 44%] \x1b[32mBuilding C object CMakeFiles/mpc_car_control__rosidl_typesupport_introspection_c.dir/rosidl_typesupport_introspection_c/mpc_car_control/msg/detail/actuator_command__type_support.c.o\x1b[0m\n'}
[3.005215] (-) TimerEvent: {}
[3.072884] (mpc_car_control) StdoutLine: {'line': b'[ 45%] \x1b[32mBuilding C object CMakeFiles/mpc_car_control__rosidl_typesupport_introspection_c.dir/rosidl_typesupport_introspection_c/mpc_car_control/msg/detail/wheel_ground_heights__type_support.c.o\x1b[0m\n'}
[3.093766] (mpc_car_control) StdoutLine: {'line': b'[ 46%] \x1b[32mBuilding CXX object CMakeFiles/mpc_car_control__rosidl_typesupport_fastrtps_cpp.dir/rosidl_typesupport_fastrtps_cpp/mpc_car_control/msg/detail/dds_fastrtps/actuator_command__type_support.cpp.o\x1b[0m\n'}
[3.099220] (mpc_car_control) StdoutLine: {'line': b'[ 48%] \x1b[32mBuilding CXX object CMakeFiles/mpc_car_control__rosidl_typesupport_fastrtps_cpp.dir/rosidl_typesupport_fastrtps_cpp/mpc_car_control/msg/detail/dds_fastrtps/wheel_ground_heights__type_support.cpp.o\x1b[0m\n'}
[3.103193] (mpc_car_control) StdoutLine: {'line': b'[ 50%] \x1b[32mBuilding CXX object CMakeFiles/mpc_car_control__rosidl_typesupport_fastrtps_cpp.dir/rosidl_typesupport_fastrtps_cpp/mpc_car_control/msg/detail/dds_fastrtps/control_command_body__type_support.cpp.o\x1b[0m\n'}
[3.103473] (mpc_car_control) StdoutLine: {'line': b'[ 50%] \x1b[32mBuilding CXX object CMakeFiles/mpc_car_control__rosidl_typesupport_fastrtps_cpp.dir/rosidl_typesupport_fastrtps_cpp/mpc_car_control/msg/detail/dds_fastrtps/reference_trajectory__type_support.cpp.o\x1b[0m\n'}
[3.105316] (-) TimerEvent: {}
[3.119140] (mpc_car_control) StdoutLine: {'line': b'[ 51%] \x1b[32m\x1b[1mLinking C shared library libmpc_car_control__rosidl_typesupport_introspection_c.so\x1b[0m\n'}
[3.165958] (mpc_car_control) StdoutLine: {'line': b'[ 51%] Built target mpc_car_control__rosidl_typesupport_introspection_c\n'}
[3.183104] (mpc_car_control) StdoutLine: {'line': b'[ 53%] \x1b[32m\x1b[1mLinking CXX shared library libmpc_car_control__rosidl_typesupport_cpp.so\x1b[0m\n'}
[3.205441] (-) TimerEvent: {}
[3.221506] (mpc_car_control) StdoutLine: {'line': b'[ 54%] \x1b[32m\x1b[1mLinking CXX shared library libmpc_car_control__rosidl_typesupport_introspection_cpp.so\x1b[0m\n'}
[3.242766] (mpc_car_control) StdoutLine: {'line': b'[ 54%] Built target mpc_car_control__rosidl_typesupport_cpp\n'}
[3.296959] (mpc_car_control) StdoutLine: {'line': b'[ 54%] Built target mpc_car_control__rosidl_typesupport_introspection_cpp\n'}
[3.305542] (-) TimerEvent: {}
[3.405859] (-) TimerEvent: {}
[3.506231] (-) TimerEvent: {}
[3.606641] (-) TimerEvent: {}
[3.610166] (mpc_car_control) StdoutLine: {'line': b'[ 55%] \x1b[32m\x1b[1mLinking CXX shared library libmpc_car_control__rosidl_typesupport_fastrtps_cpp.so\x1b[0m\n'}
[3.687504] (mpc_car_control) StdoutLine: {'line': b'[ 55%] Built target mpc_car_control__rosidl_typesupport_fastrtps_cpp\n'}
[3.693063] (mpc_car_control) StdoutLine: {'line': b'[ 57%] \x1b[34m\x1b[1mGenerating C type support for eProsima Fast-RTPS\x1b[0m\n'}
[3.706755] (-) TimerEvent: {}
[3.807011] (-) TimerEvent: {}
[3.907267] (-) TimerEvent: {}
[4.007533] (-) TimerEvent: {}
[4.042183] (mpc_car_control) StdoutLine: {'line': b'[ 58%] \x1b[32mBuilding CXX object CMakeFiles/mpc_car_control__rosidl_typesupport_fastrtps_c.dir/rosidl_typesupport_fastrtps_c/mpc_car_control/msg/detail/vehicle_state__type_support_c.cpp.o\x1b[0m\n'}
[4.042479] (mpc_car_control) StdoutLine: {'line': b'[ 59%] \x1b[32mBuilding CXX object CMakeFiles/mpc_car_control__rosidl_typesupport_fastrtps_c.dir/rosidl_typesupport_fastrtps_c/mpc_car_control/msg/detail/reference_trajectory__type_support_c.cpp.o\x1b[0m\n'}
[4.042677] (mpc_car_control) StdoutLine: {'line': b'[ 61%] \x1b[32mBuilding CXX object CMakeFiles/mpc_car_control__rosidl_typesupport_fastrtps_c.dir/rosidl_typesupport_fastrtps_c/mpc_car_control/msg/detail/control_command_body__type_support_c.cpp.o\x1b[0m\n'}
[4.042771] (mpc_car_control) StdoutLine: {'line': b'[ 62%] \x1b[32mBuilding CXX object CMakeFiles/mpc_car_control__rosidl_typesupport_fastrtps_c.dir/rosidl_typesupport_fastrtps_c/mpc_car_control/msg/detail/actuator_command__type_support_c.cpp.o\x1b[0m\n'}
[4.042934] (mpc_car_control) StdoutLine: {'line': b'[ 63%] \x1b[32mBuilding CXX object CMakeFiles/mpc_car_control__rosidl_typesupport_fastrtps_c.dir/rosidl_typesupport_fastrtps_c/mpc_car_control/msg/detail/wheel_ground_heights__type_support_c.cpp.o\x1b[0m\n'}
[4.107661] (-) TimerEvent: {}
[4.207923] (-) TimerEvent: {}
[4.308306] (-) TimerEvent: {}
[4.408788] (-) TimerEvent: {}
[4.419238] (mpc_car_control) StdoutLine: {'line': b'[ 64%] \x1b[32m\x1b[1mLinking CXX shared library libmpc_car_control__rosidl_typesupport_fastrtps_c.so\x1b[0m\n'}
[4.499406] (mpc_car_control) StdoutLine: {'line': b'[ 64%] Built target mpc_car_control__rosidl_typesupport_fastrtps_c\n'}
[4.508808] (-) TimerEvent: {}
[4.509480] (mpc_car_control) StdoutLine: {'line': b'[ 64%] Built target mpc_car_control\n'}
[4.520737] (mpc_car_control) StdoutLine: {'line': b'[ 67%] \x1b[34m\x1b[1mGenerating Python code for ROS interfaces\x1b[0m\n'}
[4.521013] (mpc_car_control) StdoutLine: {'line': b'[ 67%] \x1b[32mBuilding CXX object CMakeFiles/mpc_controller_node.dir/src/mpc_controller_node.cpp.o\x1b[0m\n'}
[4.521217] (mpc_car_control) StdoutLine: {'line': b'[ 68%] \x1b[32mBuilding CXX object CMakeFiles/control_allocator_node.dir/src/control_allocator_node.cpp.o\x1b[0m\n'}
[4.521457] (mpc_car_control) StdoutLine: {'line': b'[ 70%] \x1b[32mBuilding CXX object CMakeFiles/visualization_node.dir/src/visualization_node.cpp.o\x1b[0m\n'}
[4.521647] (mpc_car_control) StdoutLine: {'line': b'[ 71%] \x1b[32mBuilding CXX object CMakeFiles/pid_controller_node.dir/src/pid_controller_node.cpp.o\x1b[0m\n'}
[4.521856] (mpc_car_control) StdoutLine: {'line': b'[ 72%] \x1b[32mBuilding CXX object CMakeFiles/scenario_generator_node.dir/src/scenario_generator_node.cpp.o\x1b[0m\n'}
[4.522264] (mpc_car_control) StdoutLine: {'line': b'[ 74%] \x1b[32mBuilding CXX object CMakeFiles/vehicle_interface_node.dir/src/vehicle_interface_node.cpp.o\x1b[0m\n'}
[4.522874] (mpc_car_control) StdoutLine: {'line': b'[ 75%] \x1b[32mBuilding CXX object CMakeFiles/vehicle_model_node.dir/src/vehicle_model_node.cpp.o\x1b[0m\n'}
[4.608914] (-) TimerEvent: {}
[4.709874] (-) TimerEvent: {}
[4.810508] (-) TimerEvent: {}
[4.911224] (-) TimerEvent: {}
[5.011619] (-) TimerEvent: {}
[5.111918] (-) TimerEvent: {}
[5.212224] (-) TimerEvent: {}
[5.312548] (-) TimerEvent: {}
[5.413008] (-) TimerEvent: {}
[5.513452] (-) TimerEvent: {}
[5.613778] (-) TimerEvent: {}
[5.714122] (-) TimerEvent: {}
[5.814435] (-) TimerEvent: {}
[5.841048] (mpc_car_control) StdoutLine: {'line': b'[ 75%] Built target mpc_car_control__py\n'}
[5.856500] (mpc_car_control) StdoutLine: {'line': b'[ 77%] \x1b[32mBuilding C object CMakeFiles/mpc_car_control__python.dir/rosidl_generator_py/mpc_car_control/msg/_reference_trajectory_s.c.o\x1b[0m\n'}
[5.856863] (mpc_car_control) StdoutLine: {'line': b'[ 77%] \x1b[32mBuilding C object CMakeFiles/mpc_car_control__python.dir/rosidl_generator_py/mpc_car_control/msg/_vehicle_state_s.c.o\x1b[0m\n'}
[5.858297] (mpc_car_control) StdoutLine: {'line': b'[ 79%] \x1b[32mBuilding C object CMakeFiles/mpc_car_control__python.dir/rosidl_generator_py/mpc_car_control/msg/_actuator_command_s.c.o\x1b[0m\n'}
[5.859105] (mpc_car_control) StdoutLine: {'line': b'[ 80%] \x1b[32mBuilding C object CMakeFiles/mpc_car_control__python.dir/rosidl_generator_py/mpc_car_control/msg/_control_command_body_s.c.o\x1b[0m\n'}
[5.864553] (mpc_car_control) StdoutLine: {'line': b'[ 81%] \x1b[32mBuilding C object CMakeFiles/mpc_car_control__python.dir/rosidl_generator_py/mpc_car_control/msg/_wheel_ground_heights_s.c.o\x1b[0m\n'}
[5.914540] (-) TimerEvent: {}
[6.015036] (-) TimerEvent: {}
[6.115520] (-) TimerEvent: {}
[6.159033] (mpc_car_control) StdoutLine: {'line': b'[ 83%] \x1b[32m\x1b[1mLinking C shared library rosidl_generator_py/mpc_car_control/libmpc_car_control__python.so\x1b[0m\n'}
[6.216096] (-) TimerEvent: {}
[6.233510] (mpc_car_control) StdoutLine: {'line': b'[ 83%] Built target mpc_car_control__python\n'}
[6.254091] (mpc_car_control) StdoutLine: {'line': b'[ 84%] \x1b[32mBuilding C object CMakeFiles/mpc_car_control__rosidl_typesupport_introspection_c__pyext.dir/rosidl_generator_py/mpc_car_control/_mpc_car_control_s.ep.rosidl_typesupport_introspection_c.c.o\x1b[0m\n'}
[6.258196] (mpc_car_control) StdoutLine: {'line': b'[ 85%] \x1b[32mBuilding C object CMakeFiles/mpc_car_control__rosidl_typesupport_c__pyext.dir/rosidl_generator_py/mpc_car_control/_mpc_car_control_s.ep.rosidl_typesupport_c.c.o\x1b[0m\n'}
[6.265920] (mpc_car_control) StdoutLine: {'line': b'[ 87%] \x1b[32mBuilding C object CMakeFiles/mpc_car_control__rosidl_typesupport_fastrtps_c__pyext.dir/rosidl_generator_py/mpc_car_control/_mpc_car_control_s.ep.rosidl_typesupport_fastrtps_c.c.o\x1b[0m\n'}
[6.316269] (-) TimerEvent: {}
[6.416611] (-) TimerEvent: {}
[6.426792] (mpc_car_control) StdoutLine: {'line': b'[ 89%] \x1b[32m\x1b[1mLinking C shared library rosidl_generator_py/mpc_car_control/mpc_car_control_s__rosidl_typesupport_c.cpython-38-x86_64-linux-gnu.so\x1b[0m\n'}
[6.427832] (mpc_car_control) StdoutLine: {'line': b'[ 89%] \x1b[32m\x1b[1mLinking C shared library rosidl_generator_py/mpc_car_control/mpc_car_control_s__rosidl_typesupport_introspection_c.cpython-38-x86_64-linux-gnu.so\x1b[0m\n'}
[6.477737] (mpc_car_control) StdoutLine: {'line': b'[ 89%] Built target mpc_car_control__rosidl_typesupport_c__pyext\n'}
[6.482982] (mpc_car_control) StdoutLine: {'line': b'[ 90%] \x1b[32m\x1b[1mLinking CXX shared library rosidl_generator_py/mpc_car_control/mpc_car_control_s__rosidl_typesupport_fastrtps_c.cpython-38-x86_64-linux-gnu.so\x1b[0m\n'}
[6.497706] (mpc_car_control) StdoutLine: {'line': b'[ 90%] Built target mpc_car_control__rosidl_typesupport_introspection_c__pyext\n'}
[6.516741] (-) TimerEvent: {}
[6.590395] (mpc_car_control) StdoutLine: {'line': b'[ 90%] Built target mpc_car_control__rosidl_typesupport_fastrtps_c__pyext\n'}
[6.616821] (-) TimerEvent: {}
[6.717141] (-) TimerEvent: {}
[6.817910] (-) TimerEvent: {}
[6.918683] (-) TimerEvent: {}
[7.019428] (-) TimerEvent: {}
[7.119778] (-) TimerEvent: {}
[7.220125] (-) TimerEvent: {}
[7.320455] (-) TimerEvent: {}
[7.420802] (-) TimerEvent: {}
[7.521590] (-) TimerEvent: {}
[7.621924] (-) TimerEvent: {}
[7.722291] (-) TimerEvent: {}
[7.822647] (-) TimerEvent: {}
[7.922992] (-) TimerEvent: {}
[8.023315] (-) TimerEvent: {}
[8.123648] (-) TimerEvent: {}
[8.223978] (-) TimerEvent: {}
[8.324301] (-) TimerEvent: {}
[8.424621] (-) TimerEvent: {}
[8.524983] (-) TimerEvent: {}
[8.625453] (-) TimerEvent: {}
[8.725812] (-) TimerEvent: {}
[8.826165] (-) TimerEvent: {}
[8.926506] (-) TimerEvent: {}
[9.026872] (-) TimerEvent: {}
[9.132848] (-) TimerEvent: {}
[9.233301] (-) TimerEvent: {}
[9.333636] (-) TimerEvent: {}
[9.433959] (-) TimerEvent: {}
[9.534263] (-) TimerEvent: {}
[9.634592] (-) TimerEvent: {}
[9.734919] (-) TimerEvent: {}
[9.835264] (-) TimerEvent: {}
[9.935591] (-) TimerEvent: {}
[10.035945] (-) TimerEvent: {}
[10.136268] (-) TimerEvent: {}
[10.236603] (-) TimerEvent: {}
[10.336953] (-) TimerEvent: {}
[10.437283] (-) TimerEvent: {}
[10.537786] (-) TimerEvent: {}
[10.638127] (-) TimerEvent: {}
[10.738444] (-) TimerEvent: {}
[10.838776] (-) TimerEvent: {}
[10.939091] (-) TimerEvent: {}
[11.039405] (-) TimerEvent: {}
[11.139724] (-) TimerEvent: {}
[11.240030] (-) TimerEvent: {}
[11.340352] (-) TimerEvent: {}
[11.440666] (-) TimerEvent: {}
[11.540984] (-) TimerEvent: {}
[11.641304] (-) TimerEvent: {}
[11.741606] (-) TimerEvent: {}
[11.841919] (-) TimerEvent: {}
[11.942229] (-) TimerEvent: {}
[12.042540] (-) TimerEvent: {}
[12.142859] (-) TimerEvent: {}
[12.243184] (-) TimerEvent: {}
[12.343494] (-) TimerEvent: {}
[12.443806] (-) TimerEvent: {}
[12.544121] (-) TimerEvent: {}
[12.644471] (-) TimerEvent: {}
[12.655973] (mpc_car_control) StdoutLine: {'line': b'[ 92%] \x1b[32m\x1b[1mLinking CXX executable scenario_generator_node\x1b[0m\n'}
[12.744590] (-) TimerEvent: {}
[12.844949] (-) TimerEvent: {}
[12.945323] (-) TimerEvent: {}
[13.045713] (-) TimerEvent: {}
[13.146033] (-) TimerEvent: {}
[13.246345] (-) TimerEvent: {}
[13.346647] (-) TimerEvent: {}
[13.382966] (mpc_car_control) StdoutLine: {'line': b'[ 92%] Built target scenario_generator_node\n'}
[13.446752] (-) TimerEvent: {}
[13.547059] (-) TimerEvent: {}
[13.647379] (-) TimerEvent: {}
[13.747688] (-) TimerEvent: {}
[13.847998] (-) TimerEvent: {}
[13.948318] (-) TimerEvent: {}
[14.048660] (-) TimerEvent: {}
[14.139315] (mpc_car_control) StdoutLine: {'line': b'[ 93%] \x1b[32m\x1b[1mLinking CXX executable pid_controller_node\x1b[0m\n'}
[14.148807] (-) TimerEvent: {}
[14.165506] (mpc_car_control) StdoutLine: {'line': b'[ 94%] \x1b[32m\x1b[1mLinking CXX executable control_allocator_node\x1b[0m\n'}
[14.226970] (mpc_car_control) StdoutLine: {'line': b'[ 96%] \x1b[32m\x1b[1mLinking CXX executable vehicle_interface_node\x1b[0m\n'}
[14.248923] (-) TimerEvent: {}
[14.349321] (-) TimerEvent: {}
[14.449797] (-) TimerEvent: {}
[14.483389] (mpc_car_control) StdoutLine: {'line': b'[ 97%] \x1b[32m\x1b[1mLinking CXX executable vehicle_model_node\x1b[0m\n'}
[14.549932] (-) TimerEvent: {}
[14.650354] (-) TimerEvent: {}
[14.727773] (mpc_car_control) StdoutLine: {'line': b'[ 97%] Built target pid_controller_node\n'}
[14.750447] (-) TimerEvent: {}
[14.814509] (mpc_car_control) StdoutLine: {'line': b'[ 97%] Built target vehicle_interface_node\n'}
[14.850553] (-) TimerEvent: {}
[14.897384] (mpc_car_control) StdoutLine: {'line': b'[ 98%] \x1b[32m\x1b[1mLinking CXX executable visualization_node\x1b[0m\n'}
[14.930049] (mpc_car_control) StdoutLine: {'line': b'[ 98%] Built target control_allocator_node\n'}
[14.950670] (-) TimerEvent: {}
[15.039086] (mpc_car_control) StdoutLine: {'line': b'[ 98%] Built target vehicle_model_node\n'}
[15.050787] (-) TimerEvent: {}
[15.151204] (-) TimerEvent: {}
[15.251706] (-) TimerEvent: {}
[15.352019] (-) TimerEvent: {}
[15.355265] (mpc_car_control) StdoutLine: {'line': b'[ 98%] Built target visualization_node\n'}
[15.452155] (-) TimerEvent: {}
[15.552449] (-) TimerEvent: {}
[15.652826] (-) TimerEvent: {}
[15.753198] (-) TimerEvent: {}
[15.853556] (-) TimerEvent: {}
[15.953838] (-) TimerEvent: {}
[16.054185] (-) TimerEvent: {}
[16.154526] (-) TimerEvent: {}
[16.254780] (-) TimerEvent: {}
[16.355065] (-) TimerEvent: {}
[16.455342] (-) TimerEvent: {}
[16.555581] (-) TimerEvent: {}
[16.655851] (-) TimerEvent: {}
[16.756101] (-) TimerEvent: {}
[16.856362] (-) TimerEvent: {}
[16.956626] (-) TimerEvent: {}
[17.056898] (-) TimerEvent: {}
[17.157123] (-) TimerEvent: {}
[17.257388] (-) TimerEvent: {}
[17.357671] (-) TimerEvent: {}
[17.389544] (mpc_car_control) StdoutLine: {'line': b'[100%] \x1b[32m\x1b[1mLinking CXX executable mpc_controller_node\x1b[0m\n'}
[17.457802] (-) TimerEvent: {}
[17.558087] (-) TimerEvent: {}
[17.658366] (-) TimerEvent: {}
[17.758634] (-) TimerEvent: {}
[17.832058] (mpc_car_control) StdoutLine: {'line': b'[100%] Built target mpc_controller_node\n'}
[17.842710] (mpc_car_control) CommandEnded: {'returncode': 0}
[17.858797] (-) TimerEvent: {}
[17.959140] (-) TimerEvent: {}
[17.970355] (mpc_car_control) JobProgress: {'identifier': 'mpc_car_control', 'progress': 'install'}
[17.976112] (mpc_car_control) Command: {'cmd': ['/usr/local/bin/cmake', '--install', '/home/yucheng/mpc_motion_control_projects/mpc_ws/build/mpc_car_control'], 'cwd': '/home/yucheng/mpc_motion_control_projects/mpc_ws/build/mpc_car_control', 'env': OrderedDict([('GJS_DEBUG_TOPICS', 'JS ERROR;JS LOG'), ('APPCODE_VM_OPTIONS', '/home/yucheng/Downloads/linux/2022/_content/vmoptions/appcode.vmoptions'), ('PYTHON_BASIC_REPL', '1'), ('LESSOPEN', '| /usr/bin/lesspipe %s'), ('GATEWAY_VM_OPTIONS', '/home/yucheng/Downloads/linux/2022/_content/vmoptions/gateway.vmoptions'), ('LANGUAGE', 'zh_CN:en_AU:en'), ('USER', 'yucheng'), ('LC_TIME', 'zh_CN.UTF-8'), ('MESA_LOADER_DRIVER_OVERRIDE', 'i965'), ('WEBSTORM_VM_OPTIONS', '/home/yucheng/Downloads/linux/2022/_content/vmoptions/webstorm.vmoptions'), ('WEBIDE_VM_OPTIONS', '/home/yucheng/Downloads/linux/2022/_content/vmoptions/webide.vmoptions'), ('SSH_AGENT_PID', '1654'), ('XDG_SESSION_TYPE', 'x11'), ('GIT_ASKPASS', '/usr/share/antigravity/resources/app/extensions/git/dist/askpass.sh'), ('SHLVL', '1'), ('LD_LIBRARY_PATH', '/usr/local/cuda-12.0/lib64:/home/yucheng/mpc_motion_control_projects/mpc_ws/install/mpc_car_control/lib:/opt/ros/foxy/opt/yaml_cpp_vendor/lib:/opt/ros/foxy/opt/rviz_ogre_vendor/lib:/opt/ros/foxy/lib/x86_64-linux-gnu:/opt/ros/foxy/lib:/usr/local/cuda-12.0/lib64'), ('QT4_IM_MODULE', 'fcitx'), ('ANTIGRAVITY_CLI_ALIAS', 'agy'), ('HOME', '/home/yucheng'), ('CHROME_DESKTOP', 'antigravity.desktop'), ('OLDPWD', '/home/yucheng/mpc_motion_control_projects'), ('TERM_PROGRAM_VERSION', '1.104.0'), ('DESKTOP_SESSION', 'ubuntu'), ('GIO_LAUNCHED_DESKTOP_FILE', '/usr/share/applications/antigravity.desktop'), ('ROS_PYTHON_VERSION', '3'), ('GNOME_SHELL_SESSION_MODE', 'ubuntu'), ('GTK_MODULES', 'gail:atk-bridge'), ('PAGER', 'cat'), ('VSCODE_GIT_ASKPASS_MAIN', '/usr/share/antigravity/resources/app/extensions/git/dist/askpass-main.js'), ('LC_MONETARY', 'zh_CN.UTF-8'), ('VSCODE_GIT_ASKPASS_NODE', '/usr/share/antigravity/antigravity'), ('MANAGERPID', '1371'), ('PYDEVD_DISABLE_FILE_VALIDATION', '1'), ('DATASPELL_VM_OPTIONS', '/home/yucheng/Downloads/linux/2022/_content/vmoptions/dataspell.vmoptions'), ('BUNDLED_DEBUGPY_PATH', '/home/yucheng/.antigravity/extensions/ms-python.debugpy-2025.14.1-linux-x64/bundled/libs/debugpy'), ('VSCODE_PYTHON_AUTOACTIVATE_GUARD', '1'), ('DATAGRIP_VM_OPTIONS', '/home/yucheng/Downloads/linux/2022/_content/vmoptions/datagrip.vmoptions'), ('DBUS_SESSION_BUS_ADDRESS', 'unix:path=/run/user/1000/bus'), ('COLORTERM', 'truecolor'), ('IDEA_VM_OPTIONS', '/home/yucheng/Downloads/linux/2022/_content/vmoptions/idea.vmoptions'), ('ANTIGRAVITY_AGENT', '1'), ('GIO_LAUNCHED_DESKTOP_FILE_PID', '3438'), ('MANDATORY_PATH', '/usr/share/gconf/ubuntu.mandatory.path'), ('IM_CONFIG_PHASE', '1'), ('COLCON_PREFIX_PATH', '/home/yucheng/mpc_motion_control_projects/mpc_ws/install'), ('CLION_VM_OPTIONS', '/home/yucheng/Downloads/linux/2022/_content/vmoptions/clion.vmoptions'), ('ROS_DISTRO', 'foxy'), ('GTK_IM_MODULE', 'fcitx'), ('LOGNAME', 'yucheng'), ('JETBRAINSCLIENT_VM_OPTIONS', '/home/yucheng/Downloads/linux/2022/_content/vmoptions/jetbrainsclient.vmoptions'), ('JOURNAL_STREAM', '8:43283'), ('_', '/home/yucheng/.local/bin/colcon'), ('ROS_VERSION', '2'), ('XDG_SESSION_CLASS', 'user'), ('DEFAULTS_PATH', '/usr/share/gconf/ubuntu.default.path'), ('PHPSTORM_VM_OPTIONS', '/home/yucheng/Downloads/linux/2022/_content/vmoptions/phpstorm.vmoptions'), ('USERNAME', 'yucheng'), ('TERM', 'xterm-256color'), ('GNOME_DESKTOP_SESSION_ID', 'this-is-deprecated'), ('ROS_LOCALHOST_ONLY', '0'), ('WINDOWPATH', '2'), ('PATH', '/usr/local/bin:/usr/local/cuda-12.0/bin:/home/yucheng/.local/bin:/opt/ros/foxy/bin:/usr/local/bin:/usr/local/cuda-12.0/bin:/home/yucheng/.local/bin:/usr/local/sbin:/usr/local/bin:/usr/sbin:/usr/bin:/sbin:/bin:/usr/games:/usr/local/games:/snap/bin:/home/yucheng/.antigravity/extensions/ms-python.debugpy-2025.14.1-linux-x64/bundled/scripts/noConfigScripts'), ('SESSION_MANAGER', 'local/yucheng-Lenovo-Rescuer-Y7000:@/tmp/.ICE-unix/1700,unix/yucheng-Lenovo-Rescuer-Y7000:/tmp/.ICE-unix/1700'), ('INVOCATION_ID', '66d93d0136754e63a8f6eaba8cdf7ec2'), ('PAPERSIZE', 'a4'), ('RIDER_VM_OPTIONS', '/home/yucheng/Downloads/linux/2022/_content/vmoptions/rider.vmoptions'), ('XDG_MENU_PREFIX', 'gnome-'), ('LC_ADDRESS', 'zh_CN.UTF-8'), ('XDG_RUNTIME_DIR', '/run/user/1000'), ('GDK_BACKEND', 'x11'), ('DISPLAY', ':0'), ('VSCODE_DEBUGPY_ADAPTER_ENDPOINTS', '/home/yucheng/.antigravity/extensions/ms-python.debugpy-2025.14.1-linux-x64/.noConfigDebugAdapterEndpoints/endpoint-454ba53d4f1b844a.txt'), ('LANG', 'zh_CN.UTF-8'), ('XDG_CURRENT_DESKTOP', 'Unity'), ('PYTHONSTARTUP', '/home/yucheng/.config/Antigravity/User/workspaceStorage/f219ac6eba8d8d99e64bba645ca9d94f/ms-python.python/pythonrc.py'), ('LC_TELEPHONE', 'zh_CN.UTF-8'), ('GOLAND_VM_OPTIONS', '/home/yucheng/Downloads/linux/2022/_content/vmoptions/goland.vmoptions'), ('XMODIFIERS', '@im=fcitx'), ('XDG_SESSION_DESKTOP', 'ubuntu'), ('XAUTHORITY', '/run/user/1000/gdm/Xauthority'), ('LS_COLORS', 'rs=0:di=01;34:ln=01;36:mh=00:pi=40;33:so=01;35:do=01;35:bd=40;33;01:cd=40;33;01:or=40;31;01:mi=00:su=37;41:sg=30;43:ca=30;41:tw=30;42:ow=34;42:st=37;44:ex=01;32:*.tar=01;31:*.tgz=01;31:*.arc=01;31:*.arj=01;31:*.taz=01;31:*.lha=01;31:*.lz4=01;31:*.lzh=01;31:*.lzma=01;31:*.tlz=01;31:*.txz=01;31:*.tzo=01;31:*.t7z=01;31:*.zip=01;31:*.z=01;31:*.dz=01;31:*.gz=01;31:*.lrz=01;31:*.lz=01;31:*.lzo=01;31:*.xz=01;31:*.zst=01;31:*.tzst=01;31:*.bz2=01;31:*.bz=01;31:*.tbz=01;31:*.tbz2=01;31:*.tz=01;31:*.deb=01;31:*.rpm=01;31:*.jar=01;31:*.war=01;31:*.ear=01;31:*.sar=01;31:*.rar=01;31:*.alz=01;31:*.ace=01;31:*.zoo=01;31:*.cpio=01;31:*.7z=01;31:*.rz=01;31:*.cab=01;31:*.wim=01;31:*.swm=01;31:*.dwm=01;31:*.esd=01;31:*.jpg=01;35:*.jpeg=01;35:*.mjpg=01;35:*.mjpeg=01;35:*.gif=01;35:*.bmp=01;35:*.pbm=01;35:*.pgm=01;35:*.ppm=01;35:*.tga=01;35:*.xbm=01;35:*.xpm=01;35:*.tif=01;35:*.tiff=01;35:*.png=01;35:*.svg=01;35:*.svgz=01;35:*.mng=01;35:*.pcx=01;35:*.mov=01;35:*.mpg=01;35:*.mpeg=01;35:*.m2v=01;35:*.mkv=01;35:*.webm=01;35:*.ogm=01;35:*.mp4=01;35:*.m4v=01;35:*.mp4v=01;35:*.vob=01;35:*.qt=01;35:*.nuv=01;35:*.wmv=01;35:*.asf=01;35:*.rm=01;35:*.rmvb=01;35:*.flc=01;35:*.avi=01;35:*.fli=01;35:*.flv=01;35:*.gl=01;35:*.dl=01;35:*.xcf=01;35:*.xwd=01;35:*.yuv=01;35:*.cgm=01;35:*.emf=01;35:*.ogv=01;35:*.ogx=01;35:*.aac=00;36:*.au=00;36:*.flac=00;36:*.m4a=00;36:*.mid=00;36:*.midi=00;36:*.mka=00;36:*.mp3=00;36:*.mpc=00;36:*.ogg=00;36:*.ra=00;36:*.wav=00;36:*.oga=00;36:*.opus=00;36:*.spx=00;36:*.xspf=00;36:'), ('VSCODE_GIT_IPC_HANDLE', '/run/user/1000/vscode-git-a95e87445e.sock'), ('TERM_PROGRAM', 'vscode'), ('SSH_AUTH_SOCK', '/run/user/1000/keyring/ssh'), ('ROS_DOMAIN_ID', '0'), ('AMENT_PREFIX_PATH', '/home/yucheng/mpc_motion_control_projects/mpc_ws/install/mpc_car_control:/opt/ros/foxy'), ('ORIGINAL_XDG_CURRENT_DESKTOP', 'ubuntu:GNOME'), ('SHELL', '/bin/bash'), ('LC_NAME', 'zh_CN.UTF-8'), ('QT_ACCESSIBILITY', '1'), ('GDMSESSION', 'ubuntu'), ('LESSCLOSE', '/usr/bin/lesspipe %s %s'), ('LC_MEASUREMENT', 'zh_CN.UTF-8'), ('PYCHARM_VM_OPTIONS', '/home/yucheng/Downloads/linux/2022/_content/vmoptions/pycharm.vmoptions'), ('GPG_AGENT_INFO', '/run/user/1000/gnupg/S.gpg-agent:0:1'), ('GJS_DEBUG_OUTPUT', 'stderr'), ('LC_IDENTIFICATION', 'zh_CN.UTF-8'), ('VSCODE_GIT_ASKPASS_EXTRA_ARGS', ''), ('QT_IM_MODULE', 'fcitx'), ('RUBYMINE_VM_OPTIONS', '/home/yucheng/Downloads/linux/2022/_content/vmoptions/rubymine.vmoptions'), ('PWD', '/home/yucheng/mpc_motion_control_projects/mpc_ws/build/mpc_car_control'), ('JETBRAINS_CLIENT_VM_OPTIONS', '/home/yucheng/Downloads/linux/2022/_content/vmoptions/jetbrains_client.vmoptions'), ('LC_ALL', 'en_US.UTF-8'), ('XDG_CONFIG_DIRS', '/etc/xdg/xdg-ubuntu:/etc/xdg'), ('CLUTTER_IM_MODULE', 'fcitx'), ('XDG_DATA_DIRS', '/usr/share/ubuntu:/home/yucheng/.local/share/flatpak/exports/share:/var/lib/flatpak/exports/share:/usr/local/share/:/usr/share/:/var/lib/snapd/desktop'), ('PYTHONPATH', '/home/yucheng/mpc_motion_control_projects/mpc_ws/install/mpc_car_control/lib/python3.8/site-packages:/opt/ros/foxy/lib/python3.8/site-packages'), ('LC_NUMERIC', 'zh_CN.UTF-8'), ('LC_PAPER', 'zh_CN.UTF-8'), ('COLCON', '1'), ('CMAKE_PREFIX_PATH', '/home/yucheng/mpc_motion_control_projects/mpc_ws/install/mpc_car_control:/opt/ros/foxy')]), 'shell': False}
[17.979987] (mpc_car_control) StdoutLine: {'line': b'-- Install configuration: ""\n'}
[17.980184] (mpc_car_control) StdoutLine: {'line': b'-- Installing: /home/yucheng/mpc_motion_control_projects/mpc_ws/install/mpc_car_control/share/ament_index/resource_index/rosidl_interfaces/mpc_car_control\n'}
[17.980335] (mpc_car_control) StdoutLine: {'line': b'-- Installing: /home/yucheng/mpc_motion_control_projects/mpc_ws/install/mpc_car_control/include/mpc_car_control\n'}
[17.980409] (mpc_car_control) StdoutLine: {'line': b'-- Installing: /home/yucheng/mpc_motion_control_projects/mpc_ws/install/mpc_car_control/include/mpc_car_control/msg\n'}
[17.980500] (mpc_car_control) StdoutLine: {'line': b'-- Installing: /home/yucheng/mpc_motion_control_projects/mpc_ws/install/mpc_car_control/include/mpc_car_control/msg/rosidl_generator_c__visibility_control.h\n'}
[17.980561] (mpc_car_control) StdoutLine: {'line': b'-- Installing: /home/yucheng/mpc_motion_control_projects/mpc_ws/install/mpc_car_control/include/mpc_car_control/msg/wheel_ground_heights.h\n'}
[17.980639] (mpc_car_control) StdoutLine: {'line': b'-- Installing: /home/yucheng/mpc_motion_control_projects/mpc_ws/install/mpc_car_control/include/mpc_car_control/msg/control_command_body.h\n'}
[17.980719] (mpc_car_control) StdoutLine: {'line': b'-- Installing: /home/yucheng/mpc_motion_control_projects/mpc_ws/install/mpc_car_control/include/mpc_car_control/msg/detail\n'}
[17.980827] (mpc_car_control) StdoutLine: {'line': b'-- Installing: /home/yucheng/mpc_motion_control_projects/mpc_ws/install/mpc_car_control/include/mpc_car_control/msg/detail/control_command_body__struct.h\n'}
[17.980902] (mpc_car_control) StdoutLine: {'line': b'-- Installing: /home/yucheng/mpc_motion_control_projects/mpc_ws/install/mpc_car_control/include/mpc_car_control/msg/detail/control_command_body__type_support.h\n'}
[17.980985] (mpc_car_control) StdoutLine: {'line': b'-- Installing: /home/yucheng/mpc_motion_control_projects/mpc_ws/install/mpc_car_control/include/mpc_car_control/msg/detail/actuator_command__struct.h\n'}
[17.981081] (mpc_car_control) StdoutLine: {'line': b'-- Installing: /home/yucheng/mpc_motion_control_projects/mpc_ws/install/mpc_car_control/include/mpc_car_control/msg/detail/reference_trajectory__type_support.h\n'}
[17.981174] (mpc_car_control) StdoutLine: {'line': b'-- Installing: /home/yucheng/mpc_motion_control_projects/mpc_ws/install/mpc_car_control/include/mpc_car_control/msg/detail/control_command_body__functions.h\n'}
[17.981331] (mpc_car_control) StdoutLine: {'line': b'-- Installing: /home/yucheng/mpc_motion_control_projects/mpc_ws/install/mpc_car_control/include/mpc_car_control/msg/detail/wheel_ground_heights__functions.h\n'}
[17.981430] (mpc_car_control) StdoutLine: {'line': b'-- Installing: /home/yucheng/mpc_motion_control_projects/mpc_ws/install/mpc_car_control/include/mpc_car_control/msg/detail/reference_trajectory__functions.h\n'}
[17.981533] (mpc_car_control) StdoutLine: {'line': b'-- Installing: /home/yucheng/mpc_motion_control_projects/mpc_ws/install/mpc_car_control/include/mpc_car_control/msg/detail/vehicle_state__type_support.h\n'}
[17.981610] (mpc_car_control) StdoutLine: {'line': b'-- Installing: /home/yucheng/mpc_motion_control_projects/mpc_ws/install/mpc_car_control/include/mpc_car_control/msg/detail/wheel_ground_heights__functions.c\n'}
[17.981691] (mpc_car_control) StdoutLine: {'line': b'-- Installing: /home/yucheng/mpc_motion_control_projects/mpc_ws/install/mpc_car_control/include/mpc_car_control/msg/detail/actuator_command__functions.c\n'}
[17.981853] (mpc_car_control) StdoutLine: {'line': b'-- Installing: /home/yucheng/mpc_motion_control_projects/mpc_ws/install/mpc_car_control/include/mpc_car_control/msg/detail/vehicle_state__functions.h\n'}
[17.981936] (mpc_car_control) StdoutLine: {'line': b'-- Installing: /home/yucheng/mpc_motion_control_projects/mpc_ws/install/mpc_car_control/include/mpc_car_control/msg/detail/vehicle_state__functions.c\n'}
[17.982016] (mpc_car_control) StdoutLine: {'line': b'-- Installing: /home/yucheng/mpc_motion_control_projects/mpc_ws/install/mpc_car_control/include/mpc_car_control/msg/detail/control_command_body__functions.c\n'}
[17.982116] (mpc_car_control) StdoutLine: {'line': b'-- Installing: /home/yucheng/mpc_motion_control_projects/mpc_ws/install/mpc_car_control/include/mpc_car_control/msg/detail/reference_trajectory__struct.h\n'}
[17.982251] (mpc_car_control) StdoutLine: {'line': b'-- Installing: /home/yucheng/mpc_motion_control_projects/mpc_ws/install/mpc_car_control/include/mpc_car_control/msg/detail/actuator_command__functions.h\n'}
[17.982329] (mpc_car_control) StdoutLine: {'line': b'-- Installing: /home/yucheng/mpc_motion_control_projects/mpc_ws/install/mpc_car_control/include/mpc_car_control/msg/detail/vehicle_state__struct.h\n'}
[17.982425] (mpc_car_control) StdoutLine: {'line': b'-- Installing: /home/yucheng/mpc_motion_control_projects/mpc_ws/install/mpc_car_control/include/mpc_car_control/msg/detail/reference_trajectory__functions.c\n'}
[17.982533] (mpc_car_control) StdoutLine: {'line': b'-- Installing: /home/yucheng/mpc_motion_control_projects/mpc_ws/install/mpc_car_control/include/mpc_car_control/msg/detail/wheel_ground_heights__type_support.h\n'}
[17.982634] (mpc_car_control) StdoutLine: {'line': b'-- Installing: /home/yucheng/mpc_motion_control_projects/mpc_ws/install/mpc_car_control/include/mpc_car_control/msg/detail/wheel_ground_heights__struct.h\n'}
[17.982734] (mpc_car_control) StdoutLine: {'line': b'-- Installing: /home/yucheng/mpc_motion_control_projects/mpc_ws/install/mpc_car_control/include/mpc_car_control/msg/detail/actuator_command__type_support.h\n'}
[17.982886] (mpc_car_control) StdoutLine: {'line': b'-- Installing: /home/yucheng/mpc_motion_control_projects/mpc_ws/install/mpc_car_control/include/mpc_car_control/msg/reference_trajectory.h\n'}
[17.982962] (mpc_car_control) StdoutLine: {'line': b'-- Installing: /home/yucheng/mpc_motion_control_projects/mpc_ws/install/mpc_car_control/include/mpc_car_control/msg/vehicle_state.h\n'}
[17.983063] (mpc_car_control) StdoutLine: {'line': b'-- Installing: /home/yucheng/mpc_motion_control_projects/mpc_ws/install/mpc_car_control/include/mpc_car_control/msg/actuator_command.h\n'}
[17.983236] (mpc_car_control) StdoutLine: {'line': b'-- Installing: /home/yucheng/mpc_motion_control_projects/mpc_ws/install/mpc_car_control/share/mpc_car_control/environment/library_path.sh\n'}
[17.983380] (mpc_car_control) StdoutLine: {'line': b'-- Installing: /home/yucheng/mpc_motion_control_projects/mpc_ws/install/mpc_car_control/share/mpc_car_control/environment/library_path.dsv\n'}
[17.983638] (mpc_car_control) StdoutLine: {'line': b'-- Installing: /home/yucheng/mpc_motion_control_projects/mpc_ws/install/mpc_car_control/lib/libmpc_car_control__rosidl_generator_c.so\n'}
[17.984222] (mpc_car_control) StdoutLine: {'line': b'-- Set non-toolchain portion of runtime path of "/home/yucheng/mpc_motion_control_projects/mpc_ws/install/mpc_car_control/lib/libmpc_car_control__rosidl_generator_c.so" to ""\n'}
[17.984446] (mpc_car_control) StdoutLine: {'line': b'-- Up-to-date: /home/yucheng/mpc_motion_control_projects/mpc_ws/install/mpc_car_control/include/mpc_car_control\n'}
[17.984574] (mpc_car_control) StdoutLine: {'line': b'-- Up-to-date: /home/yucheng/mpc_motion_control_projects/mpc_ws/install/mpc_car_control/include/mpc_car_control/msg\n'}
[17.984730] (mpc_car_control) StdoutLine: {'line': b'-- Up-to-date: /home/yucheng/mpc_motion_control_projects/mpc_ws/install/mpc_car_control/include/mpc_car_control/msg/detail\n'}
[17.984920] (mpc_car_control) StdoutLine: {'line': b'-- Installing: /home/yucheng/mpc_motion_control_projects/mpc_ws/install/mpc_car_control/include/mpc_car_control/msg/detail/wheel_ground_heights__rosidl_typesupport_fastrtps_c.h\n'}
[17.985064] (mpc_car_control) StdoutLine: {'line': b'-- Installing: /home/yucheng/mpc_motion_control_projects/mpc_ws/install/mpc_car_control/include/mpc_car_control/msg/detail/control_command_body__rosidl_typesupport_fastrtps_c.h\n'}
[17.985210] (mpc_car_control) StdoutLine: {'line': b'-- Installing: /home/yucheng/mpc_motion_control_projects/mpc_ws/install/mpc_car_control/include/mpc_car_control/msg/detail/vehicle_state__rosidl_typesupport_fastrtps_c.h\n'}
[17.985327] (mpc_car_control) StdoutLine: {'line': b'-- Installing: /home/yucheng/mpc_motion_control_projects/mpc_ws/install/mpc_car_control/include/mpc_car_control/msg/detail/reference_trajectory__rosidl_typesupport_fastrtps_c.h\n'}
[17.985439] (mpc_car_control) StdoutLine: {'line': b'-- Installing: /home/yucheng/mpc_motion_control_projects/mpc_ws/install/mpc_car_control/include/mpc_car_control/msg/detail/actuator_command__rosidl_typesupport_fastrtps_c.h\n'}
[17.985553] (mpc_car_control) StdoutLine: {'line': b'-- Installing: /home/yucheng/mpc_motion_control_projects/mpc_ws/install/mpc_car_control/include/mpc_car_control/msg/rosidl_typesupport_fastrtps_c__visibility_control.h\n'}
[17.985707] (mpc_car_control) StdoutLine: {'line': b'-- Installing: /home/yucheng/mpc_motion_control_projects/mpc_ws/install/mpc_car_control/lib/libmpc_car_control__rosidl_typesupport_fastrtps_c.so\n'}
[17.985865] (mpc_car_control) StdoutLine: {'line': b'-- Set non-toolchain portion of runtime path of "/home/yucheng/mpc_motion_control_projects/mpc_ws/install/mpc_car_control/lib/libmpc_car_control__rosidl_typesupport_fastrtps_c.so" to ""\n'}
[17.986000] (mpc_car_control) StdoutLine: {'line': b'-- Up-to-date: /home/yucheng/mpc_motion_control_projects/mpc_ws/install/mpc_car_control/include/mpc_car_control\n'}
[17.986151] (mpc_car_control) StdoutLine: {'line': b'-- Up-to-date: /home/yucheng/mpc_motion_control_projects/mpc_ws/install/mpc_car_control/include/mpc_car_control/msg\n'}
[17.986292] (mpc_car_control) StdoutLine: {'line': b'-- Up-to-date: /home/yucheng/mpc_motion_control_projects/mpc_ws/install/mpc_car_control/include/mpc_car_control/msg/detail\n'}
[17.986428] (mpc_car_control) StdoutLine: {'line': b'-- Installing: /home/yucheng/mpc_motion_control_projects/mpc_ws/install/mpc_car_control/include/mpc_car_control/msg/detail/dds_fastrtps\n'}
[17.986559] (mpc_car_control) StdoutLine: {'line': b'-- Installing: /home/yucheng/mpc_motion_control_projects/mpc_ws/install/mpc_car_control/include/mpc_car_control/msg/detail/reference_trajectory__rosidl_typesupport_fastrtps_cpp.hpp\n'}
[17.986690] (mpc_car_control) StdoutLine: {'line': b'-- Installing: /home/yucheng/mpc_motion_control_projects/mpc_ws/install/mpc_car_control/include/mpc_car_control/msg/detail/vehicle_state__rosidl_typesupport_fastrtps_cpp.hpp\n'}
[17.986802] (mpc_car_control) StdoutLine: {'line': b'-- Installing: /home/yucheng/mpc_motion_control_projects/mpc_ws/install/mpc_car_control/include/mpc_car_control/msg/detail/actuator_command__rosidl_typesupport_fastrtps_cpp.hpp\n'}
[17.986914] (mpc_car_control) StdoutLine: {'line': b'-- Installing: /home/yucheng/mpc_motion_control_projects/mpc_ws/install/mpc_car_control/include/mpc_car_control/msg/detail/control_command_body__rosidl_typesupport_fastrtps_cpp.hpp\n'}
[17.987032] (mpc_car_control) StdoutLine: {'line': b'-- Installing: /home/yucheng/mpc_motion_control_projects/mpc_ws/install/mpc_car_control/include/mpc_car_control/msg/detail/wheel_ground_heights__rosidl_typesupport_fastrtps_cpp.hpp\n'}
[17.987145] (mpc_car_control) StdoutLine: {'line': b'-- Installing: /home/yucheng/mpc_motion_control_projects/mpc_ws/install/mpc_car_control/include/mpc_car_control/msg/rosidl_typesupport_fastrtps_cpp__visibility_control.h\n'}
[17.987309] (mpc_car_control) StdoutLine: {'line': b'-- Installing: /home/yucheng/mpc_motion_control_projects/mpc_ws/install/mpc_car_control/lib/libmpc_car_control__rosidl_typesupport_fastrtps_cpp.so\n'}
[17.987457] (mpc_car_control) StdoutLine: {'line': b'-- Set non-toolchain portion of runtime path of "/home/yucheng/mpc_motion_control_projects/mpc_ws/install/mpc_car_control/lib/libmpc_car_control__rosidl_typesupport_fastrtps_cpp.so" to ""\n'}
[17.987590] (mpc_car_control) StdoutLine: {'line': b'-- Up-to-date: /home/yucheng/mpc_motion_control_projects/mpc_ws/install/mpc_car_control/include/mpc_car_control\n'}
[17.987745] (mpc_car_control) StdoutLine: {'line': b'-- Up-to-date: /home/yucheng/mpc_motion_control_projects/mpc_ws/install/mpc_car_control/include/mpc_car_control/msg\n'}
[17.987872] (mpc_car_control) StdoutLine: {'line': b'-- Installing: /home/yucheng/mpc_motion_control_projects/mpc_ws/install/mpc_car_control/include/mpc_car_control/msg/rosidl_typesupport_introspection_c__visibility_control.h\n'}
[17.987990] (mpc_car_control) StdoutLine: {'line': b'-- Up-to-date: /home/yucheng/mpc_motion_control_projects/mpc_ws/install/mpc_car_control/include/mpc_car_control/msg/detail\n'}
[17.988155] (mpc_car_control) StdoutLine: {'line': b'-- Installing: /home/yucheng/mpc_motion_control_projects/mpc_ws/install/mpc_car_control/include/mpc_car_control/msg/detail/reference_trajectory__type_support.c\n'}
[17.988286] (mpc_car_control) StdoutLine: {'line': b'-- Installing: /home/yucheng/mpc_motion_control_projects/mpc_ws/install/mpc_car_control/include/mpc_car_control/msg/detail/reference_trajectory__rosidl_typesupport_introspection_c.h\n'}
[17.988424] (mpc_car_control) StdoutLine: {'line': b'-- Installing: /home/yucheng/mpc_motion_control_projects/mpc_ws/install/mpc_car_control/include/mpc_car_control/msg/detail/vehicle_state__type_support.c\n'}
[17.988568] (mpc_car_control) StdoutLine: {'line': b'-- Installing: /home/yucheng/mpc_motion_control_projects/mpc_ws/install/mpc_car_control/include/mpc_car_control/msg/detail/wheel_ground_heights__type_support.c\n'}
[17.988708] (mpc_car_control) StdoutLine: {'line': b'-- Installing: /home/yucheng/mpc_motion_control_projects/mpc_ws/install/mpc_car_control/include/mpc_car_control/msg/detail/vehicle_state__rosidl_typesupport_introspection_c.h\n'}
[17.988842] (mpc_car_control) StdoutLine: {'line': b'-- Installing: /home/yucheng/mpc_motion_control_projects/mpc_ws/install/mpc_car_control/include/mpc_car_control/msg/detail/actuator_command__type_support.c\n'}
[17.988967] (mpc_car_control) StdoutLine: {'line': b'-- Installing: /home/yucheng/mpc_motion_control_projects/mpc_ws/install/mpc_car_control/include/mpc_car_control/msg/detail/control_command_body__rosidl_typesupport_introspection_c.h\n'}
[17.989071] (mpc_car_control) StdoutLine: {'line': b'-- Installing: /home/yucheng/mpc_motion_control_projects/mpc_ws/install/mpc_car_control/include/mpc_car_control/msg/detail/wheel_ground_heights__rosidl_typesupport_introspection_c.h\n'}
[17.989158] (mpc_car_control) StdoutLine: {'line': b'-- Installing: /home/yucheng/mpc_motion_control_projects/mpc_ws/install/mpc_car_control/include/mpc_car_control/msg/detail/control_command_body__type_support.c\n'}
[17.989233] (mpc_car_control) StdoutLine: {'line': b'-- Installing: /home/yucheng/mpc_motion_control_projects/mpc_ws/install/mpc_car_control/include/mpc_car_control/msg/detail/actuator_command__rosidl_typesupport_introspection_c.h\n'}
[17.989295] (mpc_car_control) StdoutLine: {'line': b'-- Installing: /home/yucheng/mpc_motion_control_projects/mpc_ws/install/mpc_car_control/lib/libmpc_car_control__rosidl_typesupport_introspection_c.so\n'}
[17.989354] (mpc_car_control) StdoutLine: {'line': b'-- Set non-toolchain portion of runtime path of "/home/yucheng/mpc_motion_control_projects/mpc_ws/install/mpc_car_control/lib/libmpc_car_control__rosidl_typesupport_introspection_c.so" to ""\n'}
[17.989418] (mpc_car_control) StdoutLine: {'line': b'-- Installing: /home/yucheng/mpc_motion_control_projects/mpc_ws/install/mpc_car_control/lib/libmpc_car_control__rosidl_typesupport_c.so\n'}
[17.989741] (mpc_car_control) StdoutLine: {'line': b'-- Set non-toolchain portion of runtime path of "/home/yucheng/mpc_motion_control_projects/mpc_ws/install/mpc_car_control/lib/libmpc_car_control__rosidl_typesupport_c.so" to ""\n'}
[17.989818] (mpc_car_control) StdoutLine: {'line': b'-- Up-to-date: /home/yucheng/mpc_motion_control_projects/mpc_ws/install/mpc_car_control/include/mpc_car_control\n'}
[17.989906] (mpc_car_control) StdoutLine: {'line': b'-- Up-to-date: /home/yucheng/mpc_motion_control_projects/mpc_ws/install/mpc_car_control/include/mpc_car_control/msg\n'}
[17.989979] (mpc_car_control) StdoutLine: {'line': b'-- Installing: /home/yucheng/mpc_motion_control_projects/mpc_ws/install/mpc_car_control/include/mpc_car_control/msg/wheel_ground_heights.hpp\n'}
[17.990058] (mpc_car_control) StdoutLine: {'line': b'-- Up-to-date: /home/yucheng/mpc_motion_control_projects/mpc_ws/install/mpc_car_control/include/mpc_car_control/msg/detail\n'}
[17.990116] (mpc_car_control) StdoutLine: {'line': b'-- Installing: /home/yucheng/mpc_motion_control_projects/mpc_ws/install/mpc_car_control/include/mpc_car_control/msg/detail/wheel_ground_heights__type_support.hpp\n'}
[17.990189] (mpc_car_control) StdoutLine: {'line': b'-- Installing: /home/yucheng/mpc_motion_control_projects/mpc_ws/install/mpc_car_control/include/mpc_car_control/msg/detail/reference_trajectory__traits.hpp\n'}
[17.990270] (mpc_car_control) StdoutLine: {'line': b'-- Installing: /home/yucheng/mpc_motion_control_projects/mpc_ws/install/mpc_car_control/include/mpc_car_control/msg/detail/reference_trajectory__builder.hpp\n'}
[17.990426] (mpc_car_control) StdoutLine: {'line': b'-- Installing: /home/yucheng/mpc_motion_control_projects/mpc_ws/install/mpc_car_control/include/mpc_car_control/msg/detail/control_command_body__type_support.hpp\n'}
[17.990519] (mpc_car_control) StdoutLine: {'line': b'-- Installing: /home/yucheng/mpc_motion_control_projects/mpc_ws/install/mpc_car_control/include/mpc_car_control/msg/detail/actuator_command__struct.hpp\n'}
[17.990650] (mpc_car_control) StdoutLine: {'line': b'-- Installing: /home/yucheng/mpc_motion_control_projects/mpc_ws/install/mpc_car_control/include/mpc_car_control/msg/detail/wheel_ground_heights__builder.hpp\n'}
[17.990771] (mpc_car_control) StdoutLine: {'line': b'-- Installing: /home/yucheng/mpc_motion_control_projects/mpc_ws/install/mpc_car_control/include/mpc_car_control/msg/detail/vehicle_state__type_support.hpp\n'}
[17.990891] (mpc_car_control) StdoutLine: {'line': b'-- Installing: /home/yucheng/mpc_motion_control_projects/mpc_ws/install/mpc_car_control/include/mpc_car_control/msg/detail/vehicle_state__builder.hpp\n'}
[17.991019] (mpc_car_control) StdoutLine: {'line': b'-- Installing: /home/yucheng/mpc_motion_control_projects/mpc_ws/install/mpc_car_control/include/mpc_car_control/msg/detail/actuator_command__traits.hpp\n'}
[17.991141] (mpc_car_control) StdoutLine: {'line': b'-- Installing: /home/yucheng/mpc_motion_control_projects/mpc_ws/install/mpc_car_control/include/mpc_car_control/msg/detail/wheel_ground_heights__traits.hpp\n'}
[17.991268] (mpc_car_control) StdoutLine: {'line': b'-- Installing: /home/yucheng/mpc_motion_control_projects/mpc_ws/install/mpc_car_control/include/mpc_car_control/msg/detail/actuator_command__type_support.hpp\n'}
[17.991388] (mpc_car_control) StdoutLine: {'line': b'-- Installing: /home/yucheng/mpc_motion_control_projects/mpc_ws/install/mpc_car_control/include/mpc_car_control/msg/detail/control_command_body__struct.hpp\n'}
[17.991522] (mpc_car_control) StdoutLine: {'line': b'-- Installing: /home/yucheng/mpc_motion_control_projects/mpc_ws/install/mpc_car_control/include/mpc_car_control/msg/detail/control_command_body__builder.hpp\n'}
[17.991666] (mpc_car_control) StdoutLine: {'line': b'-- Installing: /home/yucheng/mpc_motion_control_projects/mpc_ws/install/mpc_car_control/include/mpc_car_control/msg/detail/wheel_ground_heights__struct.hpp\n'}
[17.991807] (mpc_car_control) StdoutLine: {'line': b'-- Installing: /home/yucheng/mpc_motion_control_projects/mpc_ws/install/mpc_car_control/include/mpc_car_control/msg/detail/actuator_command__builder.hpp\n'}
[17.991958] (mpc_car_control) StdoutLine: {'line': b'-- Installing: /home/yucheng/mpc_motion_control_projects/mpc_ws/install/mpc_car_control/include/mpc_car_control/msg/detail/reference_trajectory__struct.hpp\n'}
[17.992041] (mpc_car_control) StdoutLine: {'line': b'-- Installing: /home/yucheng/mpc_motion_control_projects/mpc_ws/install/mpc_car_control/include/mpc_car_control/msg/detail/vehicle_state__traits.hpp\n'}
[17.992150] (mpc_car_control) StdoutLine: {'line': b'-- Installing: /home/yucheng/mpc_motion_control_projects/mpc_ws/install/mpc_car_control/include/mpc_car_control/msg/detail/vehicle_state__struct.hpp\n'}
[17.992243] (mpc_car_control) StdoutLine: {'line': b'-- Installing: /home/yucheng/mpc_motion_control_projects/mpc_ws/install/mpc_car_control/include/mpc_car_control/msg/detail/control_command_body__traits.hpp\n'}
[17.992323] (mpc_car_control) StdoutLine: {'line': b'-- Installing: /home/yucheng/mpc_motion_control_projects/mpc_ws/install/mpc_car_control/include/mpc_car_control/msg/detail/reference_trajectory__type_support.hpp\n'}
[17.992395] (mpc_car_control) StdoutLine: {'line': b'-- Installing: /home/yucheng/mpc_motion_control_projects/mpc_ws/install/mpc_car_control/include/mpc_car_control/msg/vehicle_state.hpp\n'}
[17.992479] (mpc_car_control) StdoutLine: {'line': b'-- Installing: /home/yucheng/mpc_motion_control_projects/mpc_ws/install/mpc_car_control/include/mpc_car_control/msg/rosidl_generator_cpp__visibility_control.hpp\n'}
[17.992572] (mpc_car_control) StdoutLine: {'line': b'-- Installing: /home/yucheng/mpc_motion_control_projects/mpc_ws/install/mpc_car_control/include/mpc_car_control/msg/actuator_command.hpp\n'}
[17.992668] (mpc_car_control) StdoutLine: {'line': b'-- Installing: /home/yucheng/mpc_motion_control_projects/mpc_ws/install/mpc_car_control/include/mpc_car_control/msg/reference_trajectory.hpp\n'}
[17.992793] (mpc_car_control) StdoutLine: {'line': b'-- Installing: /home/yucheng/mpc_motion_control_projects/mpc_ws/install/mpc_car_control/include/mpc_car_control/msg/control_command_body.hpp\n'}
[17.992963] (mpc_car_control) StdoutLine: {'line': b'-- Up-to-date: /home/yucheng/mpc_motion_control_projects/mpc_ws/install/mpc_car_control/include/mpc_car_control\n'}
[17.993024] (mpc_car_control) StdoutLine: {'line': b'-- Up-to-date: /home/yucheng/mpc_motion_control_projects/mpc_ws/install/mpc_car_control/include/mpc_car_control/msg\n'}
[17.993123] (mpc_car_control) StdoutLine: {'line': b'-- Up-to-date: /home/yucheng/mpc_motion_control_projects/mpc_ws/install/mpc_car_control/include/mpc_car_control/msg/detail\n'}
[17.993199] (mpc_car_control) StdoutLine: {'line': b'-- Installing: /home/yucheng/mpc_motion_control_projects/mpc_ws/install/mpc_car_control/include/mpc_car_control/msg/detail/reference_trajectory__type_support.cpp\n'}
[17.993271] (mpc_car_control) StdoutLine: {'line': b'-- Installing: /home/yucheng/mpc_motion_control_projects/mpc_ws/install/mpc_car_control/include/mpc_car_control/msg/detail/actuator_command__rosidl_typesupport_introspection_cpp.hpp\n'}
[17.993342] (mpc_car_control) StdoutLine: {'line': b'-- Installing: /home/yucheng/mpc_motion_control_projects/mpc_ws/install/mpc_car_control/include/mpc_car_control/msg/detail/wheel_ground_heights__type_support.cpp\n'}
[17.993401] (mpc_car_control) StdoutLine: {'line': b'-- Installing: /home/yucheng/mpc_motion_control_projects/mpc_ws/install/mpc_car_control/include/mpc_car_control/msg/detail/vehicle_state__rosidl_typesupport_introspection_cpp.hpp\n'}
[17.993471] (mpc_car_control) StdoutLine: {'line': b'-- Installing: /home/yucheng/mpc_motion_control_projects/mpc_ws/install/mpc_car_control/include/mpc_car_control/msg/detail/control_command_body__type_support.cpp\n'}
[17.993542] (mpc_car_control) StdoutLine: {'line': b'-- Installing: /home/yucheng/mpc_motion_control_projects/mpc_ws/install/mpc_car_control/include/mpc_car_control/msg/detail/wheel_ground_heights__rosidl_typesupport_introspection_cpp.hpp\n'}
[17.993621] (mpc_car_control) StdoutLine: {'line': b'-- Installing: /home/yucheng/mpc_motion_control_projects/mpc_ws/install/mpc_car_control/include/mpc_car_control/msg/detail/vehicle_state__type_support.cpp\n'}
[17.993700] (mpc_car_control) StdoutLine: {'line': b'-- Installing: /home/yucheng/mpc_motion_control_projects/mpc_ws/install/mpc_car_control/include/mpc_car_control/msg/detail/actuator_command__type_support.cpp\n'}
[17.993802] (mpc_car_control) StdoutLine: {'line': b'-- Installing: /home/yucheng/mpc_motion_control_projects/mpc_ws/install/mpc_car_control/include/mpc_car_control/msg/detail/control_command_body__rosidl_typesupport_introspection_cpp.hpp\n'}
[17.993901] (mpc_car_control) StdoutLine: {'line': b'-- Installing: /home/yucheng/mpc_motion_control_projects/mpc_ws/install/mpc_car_control/include/mpc_car_control/msg/detail/reference_trajectory__rosidl_typesupport_introspection_cpp.hpp\n'}
[17.994047] (mpc_car_control) StdoutLine: {'line': b'-- Installing: /home/yucheng/mpc_motion_control_projects/mpc_ws/install/mpc_car_control/lib/libmpc_car_control__rosidl_typesupport_introspection_cpp.so\n'}
[17.994531] (mpc_car_control) StdoutLine: {'line': b'-- Set non-toolchain portion of runtime path of "/home/yucheng/mpc_motion_control_projects/mpc_ws/install/mpc_car_control/lib/libmpc_car_control__rosidl_typesupport_introspection_cpp.so" to ""\n'}
[17.994627] (mpc_car_control) StdoutLine: {'line': b'-- Installing: /home/yucheng/mpc_motion_control_projects/mpc_ws/install/mpc_car_control/lib/libmpc_car_control__rosidl_typesupport_cpp.so\n'}
[17.994983] (mpc_car_control) StdoutLine: {'line': b'-- Set non-toolchain portion of runtime path of "/home/yucheng/mpc_motion_control_projects/mpc_ws/install/mpc_car_control/lib/libmpc_car_control__rosidl_typesupport_cpp.so" to ""\n'}
[17.995061] (mpc_car_control) StdoutLine: {'line': b'-- Installing: /home/yucheng/mpc_motion_control_projects/mpc_ws/install/mpc_car_control/share/mpc_car_control/environment/pythonpath.sh\n'}
[17.995155] (mpc_car_control) StdoutLine: {'line': b'-- Installing: /home/yucheng/mpc_motion_control_projects/mpc_ws/install/mpc_car_control/share/mpc_car_control/environment/pythonpath.dsv\n'}
[17.995350] (mpc_car_control) StdoutLine: {'line': b'-- Installing: /home/yucheng/mpc_motion_control_projects/mpc_ws/install/mpc_car_control/lib/python3.8/site-packages/mpc_car_control/__init__.py\n'}
[18.050472] (mpc_car_control) StdoutLine: {'line': b"Compiling '/home/yucheng/mpc_motion_control_projects/mpc_ws/install/mpc_car_control/lib/python3.8/site-packages/mpc_car_control/__init__.py'...\n"}
[18.056276] (mpc_car_control) StdoutLine: {'line': b'-- Installing: /home/yucheng/mpc_motion_control_projects/mpc_ws/install/mpc_car_control/lib/python3.8/site-packages/mpc_car_control/msg\n'}
[18.056539] (mpc_car_control) StdoutLine: {'line': b'-- Installing: /home/yucheng/mpc_motion_control_projects/mpc_ws/install/mpc_car_control/lib/python3.8/site-packages/mpc_car_control/msg/_reference_trajectory_s.c\n'}
[18.056694] (mpc_car_control) StdoutLine: {'line': b'-- Installing: /home/yucheng/mpc_motion_control_projects/mpc_ws/install/mpc_car_control/lib/python3.8/site-packages/mpc_car_control/msg/_actuator_command.py\n'}
[18.056828] (mpc_car_control) StdoutLine: {'line': b'-- Installing: /home/yucheng/mpc_motion_control_projects/mpc_ws/install/mpc_car_control/lib/python3.8/site-packages/mpc_car_control/msg/_vehicle_state.py\n'}
[18.057032] (mpc_car_control) StdoutLine: {'line': b'-- Installing: /home/yucheng/mpc_motion_control_projects/mpc_ws/install/mpc_car_control/lib/python3.8/site-packages/mpc_car_control/msg/__init__.py\n'}
[18.057166] (mpc_car_control) StdoutLine: {'line': b'-- Installing: /home/yucheng/mpc_motion_control_projects/mpc_ws/install/mpc_car_control/lib/python3.8/site-packages/mpc_car_control/msg/_wheel_ground_heights.py\n'}
[18.057279] (mpc_car_control) StdoutLine: {'line': b'-- Installing: /home/yucheng/mpc_motion_control_projects/mpc_ws/install/mpc_car_control/lib/python3.8/site-packages/mpc_car_control/msg/_control_command_body_s.c\n'}
[18.057404] (mpc_car_control) StdoutLine: {'line': b'-- Installing: /home/yucheng/mpc_motion_control_projects/mpc_ws/install/mpc_car_control/lib/python3.8/site-packages/mpc_car_control/msg/_wheel_ground_heights_s.c\n'}
[18.057518] (mpc_car_control) StdoutLine: {'line': b'-- Installing: /home/yucheng/mpc_motion_control_projects/mpc_ws/install/mpc_car_control/lib/python3.8/site-packages/mpc_car_control/msg/_actuator_command_s.c\n'}
[18.057698] (mpc_car_control) StdoutLine: {'line': b'-- Installing: /home/yucheng/mpc_motion_control_projects/mpc_ws/install/mpc_car_control/lib/python3.8/site-packages/mpc_car_control/msg/_control_command_body.py\n'}
[18.057838] (mpc_car_control) StdoutLine: {'line': b'-- Installing: /home/yucheng/mpc_motion_control_projects/mpc_ws/install/mpc_car_control/lib/python3.8/site-packages/mpc_car_control/msg/_vehicle_state_s.c\n'}
[18.058003] (mpc_car_control) StdoutLine: {'line': b'-- Installing: /home/yucheng/mpc_motion_control_projects/mpc_ws/install/mpc_car_control/lib/python3.8/site-packages/mpc_car_control/msg/_reference_trajectory.py\n'}
[18.058165] (mpc_car_control) StdoutLine: {'line': b'-- Installing: /home/yucheng/mpc_motion_control_projects/mpc_ws/install/mpc_car_control/lib/python3.8/site-packages/mpc_car_control/mpc_car_control_s__rosidl_typesupport_fastrtps_c.cpython-38-x86_64-linux-gnu.so\n'}
[18.058627] (mpc_car_control) StdoutLine: {'line': b'-- Set non-toolchain portion of runtime path of "/home/yucheng/mpc_motion_control_projects/mpc_ws/install/mpc_car_control/lib/python3.8/site-packages/mpc_car_control/mpc_car_control_s__rosidl_typesupport_fastrtps_c.cpython-38-x86_64-linux-gnu.so" to ""\n'}
[18.058755] (mpc_car_control) StdoutLine: {'line': b'-- Installing: /home/yucheng/mpc_motion_control_projects/mpc_ws/install/mpc_car_control/lib/python3.8/site-packages/mpc_car_control/mpc_car_control_s__rosidl_typesupport_introspection_c.cpython-38-x86_64-linux-gnu.so\n'}
[18.059204] (-) TimerEvent: {}
[18.059458] (mpc_car_control) StdoutLine: {'line': b'-- Set non-toolchain portion of runtime path of "/home/yucheng/mpc_motion_control_projects/mpc_ws/install/mpc_car_control/lib/python3.8/site-packages/mpc_car_control/mpc_car_control_s__rosidl_typesupport_introspection_c.cpython-38-x86_64-linux-gnu.so" to ""\n'}
[18.059578] (mpc_car_control) StdoutLine: {'line': b'-- Installing: /home/yucheng/mpc_motion_control_projects/mpc_ws/install/mpc_car_control/lib/python3.8/site-packages/mpc_car_control/mpc_car_control_s__rosidl_typesupport_c.cpython-38-x86_64-linux-gnu.so\n'}
[18.059810] (mpc_car_control) StdoutLine: {'line': b'-- Set non-toolchain portion of runtime path of "/home/yucheng/mpc_motion_control_projects/mpc_ws/install/mpc_car_control/lib/python3.8/site-packages/mpc_car_control/mpc_car_control_s__rosidl_typesupport_c.cpython-38-x86_64-linux-gnu.so" to ""\n'}
[18.059978] (mpc_car_control) StdoutLine: {'line': b'-- Installing: /home/yucheng/mpc_motion_control_projects/mpc_ws/install/mpc_car_control/lib/libmpc_car_control__python.so\n'}
[18.060552] (mpc_car_control) StdoutLine: {'line': b'-- Set non-toolchain portion of runtime path of "/home/yucheng/mpc_motion_control_projects/mpc_ws/install/mpc_car_control/lib/libmpc_car_control__python.so" to ""\n'}
[18.060706] (mpc_car_control) StdoutLine: {'line': b'-- Installing: /home/yucheng/mpc_motion_control_projects/mpc_ws/install/mpc_car_control/share/mpc_car_control/msg/VehicleState.idl\n'}
[18.060826] (mpc_car_control) StdoutLine: {'line': b'-- Installing: /home/yucheng/mpc_motion_control_projects/mpc_ws/install/mpc_car_control/share/mpc_car_control/msg/ReferenceTrajectory.idl\n'}
[18.060919] (mpc_car_control) StdoutLine: {'line': b'-- Installing: /home/yucheng/mpc_motion_control_projects/mpc_ws/install/mpc_car_control/share/mpc_car_control/msg/ControlCommandBody.idl\n'}
[18.061013] (mpc_car_control) StdoutLine: {'line': b'-- Installing: /home/yucheng/mpc_motion_control_projects/mpc_ws/install/mpc_car_control/share/mpc_car_control/msg/ActuatorCommand.idl\n'}
[18.061122] (mpc_car_control) StdoutLine: {'line': b'-- Installing: /home/yucheng/mpc_motion_control_projects/mpc_ws/install/mpc_car_control/share/mpc_car_control/msg/WheelGroundHeights.idl\n'}
[18.061243] (mpc_car_control) StdoutLine: {'line': b'-- Installing: /home/yucheng/mpc_motion_control_projects/mpc_ws/install/mpc_car_control/share/mpc_car_control/msg/VehicleState.msg\n'}
[18.061346] (mpc_car_control) StdoutLine: {'line': b'-- Installing: /home/yucheng/mpc_motion_control_projects/mpc_ws/install/mpc_car_control/share/mpc_car_control/msg/ReferenceTrajectory.msg\n'}
[18.061482] (mpc_car_control) StdoutLine: {'line': b'-- Installing: /home/yucheng/mpc_motion_control_projects/mpc_ws/install/mpc_car_control/share/mpc_car_control/msg/ControlCommandBody.msg\n'}
[18.061596] (mpc_car_control) StdoutLine: {'line': b'-- Installing: /home/yucheng/mpc_motion_control_projects/mpc_ws/install/mpc_car_control/share/mpc_car_control/msg/ActuatorCommand.msg\n'}
[18.061722] (mpc_car_control) StdoutLine: {'line': b'-- Installing: /home/yucheng/mpc_motion_control_projects/mpc_ws/install/mpc_car_control/share/mpc_car_control/msg/WheelGroundHeights.msg\n'}
[18.061905] (mpc_car_control) StdoutLine: {'line': b'-- Installing: /home/yucheng/mpc_motion_control_projects/mpc_ws/install/mpc_car_control/lib/mpc_car_control/scenario_generator_node\n'}
[18.064509] (mpc_car_control) StdoutLine: {'line': b'-- Set non-toolchain portion of runtime path of "/home/yucheng/mpc_motion_control_projects/mpc_ws/install/mpc_car_control/lib/mpc_car_control/scenario_generator_node" to ""\n'}
[18.064619] (mpc_car_control) StdoutLine: {'line': b'-- Installing: /home/yucheng/mpc_motion_control_projects/mpc_ws/install/mpc_car_control/lib/mpc_car_control/mpc_controller_node\n'}
[18.069985] (mpc_car_control) StdoutLine: {'line': b'-- Set non-toolchain portion of runtime path of "/home/yucheng/mpc_motion_control_projects/mpc_ws/install/mpc_car_control/lib/mpc_car_control/mpc_controller_node" to ""\n'}
[18.070222] (mpc_car_control) StdoutLine: {'line': b'-- Installing: /home/yucheng/mpc_motion_control_projects/mpc_ws/install/mpc_car_control/lib/mpc_car_control/control_allocator_node\n'}
[18.074525] (mpc_car_control) StdoutLine: {'line': b'-- Set non-toolchain portion of runtime path of "/home/yucheng/mpc_motion_control_projects/mpc_ws/install/mpc_car_control/lib/mpc_car_control/control_allocator_node" to ""\n'}
[18.074676] (mpc_car_control) StdoutLine: {'line': b'-- Installing: /home/yucheng/mpc_motion_control_projects/mpc_ws/install/mpc_car_control/lib/mpc_car_control/pid_controller_node\n'}
[18.077841] (mpc_car_control) StdoutLine: {'line': b'-- Set non-toolchain portion of runtime path of "/home/yucheng/mpc_motion_control_projects/mpc_ws/install/mpc_car_control/lib/mpc_car_control/pid_controller_node" to ""\n'}
[18.078016] (mpc_car_control) StdoutLine: {'line': b'-- Installing: /home/yucheng/mpc_motion_control_projects/mpc_ws/install/mpc_car_control/lib/mpc_car_control/vehicle_interface_node\n'}
[18.081160] (mpc_car_control) StdoutLine: {'line': b'-- Set non-toolchain portion of runtime path of "/home/yucheng/mpc_motion_control_projects/mpc_ws/install/mpc_car_control/lib/mpc_car_control/vehicle_interface_node" to ""\n'}
[18.081352] (mpc_car_control) StdoutLine: {'line': b'-- Installing: /home/yucheng/mpc_motion_control_projects/mpc_ws/install/mpc_car_control/lib/mpc_car_control/visualization_node\n'}
[18.085626] (mpc_car_control) StdoutLine: {'line': b'-- Set non-toolchain portion of runtime path of "/home/yucheng/mpc_motion_control_projects/mpc_ws/install/mpc_car_control/lib/mpc_car_control/visualization_node" to ""\n'}
[18.085832] (mpc_car_control) StdoutLine: {'line': b'-- Installing: /home/yucheng/mpc_motion_control_projects/mpc_ws/install/mpc_car_control/lib/mpc_car_control/vehicle_model_node\n'}
[18.089723] (mpc_car_control) StdoutLine: {'line': b'-- Set non-toolchain portion of runtime path of "/home/yucheng/mpc_motion_control_projects/mpc_ws/install/mpc_car_control/lib/mpc_car_control/vehicle_model_node" to ""\n'}
[18.089879] (mpc_car_control) StdoutLine: {'line': b'-- Installing: /home/yucheng/mpc_motion_control_projects/mpc_ws/install/mpc_car_control/share/mpc_car_control/launch\n'}
[18.090087] (mpc_car_control) StdoutLine: {'line': b'-- Installing: /home/yucheng/mpc_motion_control_projects/mpc_ws/install/mpc_car_control/share/mpc_car_control/launch/mpc_system.launch.py\n'}
[18.090260] (mpc_car_control) StdoutLine: {'line': b'-- Installing: /home/yucheng/mpc_motion_control_projects/mpc_ws/install/mpc_car_control/share/mpc_car_control/launch/__pycache__\n'}
[18.090354] (mpc_car_control) StdoutLine: {'line': b'-- Installing: /home/yucheng/mpc_motion_control_projects/mpc_ws/install/mpc_car_control/share/mpc_car_control/launch/__pycache__/mpc_system.launch.cpython-38.pyc\n'}
[18.090422] (mpc_car_control) StdoutLine: {'line': b'-- Installing: /home/yucheng/mpc_motion_control_projects/mpc_ws/install/mpc_car_control/share/mpc_car_control/launch/__pycache__/mpc_system.launch.cpython-312.pyc\n'}
[18.090481] (mpc_car_control) StdoutLine: {'line': b'-- Installing: /home/yucheng/mpc_motion_control_projects/mpc_ws/install/mpc_car_control/share/mpc_car_control/launch/default.rviz\n'}
[18.090539] (mpc_car_control) StdoutLine: {'line': b'-- Installing: /home/yucheng/mpc_motion_control_projects/mpc_ws/install/mpc_car_control/lib/mpc_car_control/az_plotter.py\n'}
[18.090689] (mpc_car_control) StdoutLine: {'line': b'-- Installing: /home/yucheng/mpc_motion_control_projects/mpc_ws/install/mpc_car_control/share/ament_index/resource_index/package_run_dependencies/mpc_car_control\n'}
[18.090808] (mpc_car_control) StdoutLine: {'line': b'-- Installing: /home/yucheng/mpc_motion_control_projects/mpc_ws/install/mpc_car_control/share/ament_index/resource_index/parent_prefix_path/mpc_car_control\n'}
[18.090872] (mpc_car_control) StdoutLine: {'line': b'-- Installing: /home/yucheng/mpc_motion_control_projects/mpc_ws/install/mpc_car_control/share/mpc_car_control/environment/ament_prefix_path.sh\n'}
[18.090959] (mpc_car_control) StdoutLine: {'line': b'-- Installing: /home/yucheng/mpc_motion_control_projects/mpc_ws/install/mpc_car_control/share/mpc_car_control/environment/ament_prefix_path.dsv\n'}
[18.091139] (mpc_car_control) StdoutLine: {'line': b'-- Installing: /home/yucheng/mpc_motion_control_projects/mpc_ws/install/mpc_car_control/share/mpc_car_control/environment/path.sh\n'}
[18.091233] (mpc_car_control) StdoutLine: {'line': b'-- Installing: /home/yucheng/mpc_motion_control_projects/mpc_ws/install/mpc_car_control/share/mpc_car_control/environment/path.dsv\n'}
[18.091404] (mpc_car_control) StdoutLine: {'line': b'-- Installing: /home/yucheng/mpc_motion_control_projects/mpc_ws/install/mpc_car_control/share/mpc_car_control/local_setup.bash\n'}
[18.091540] (mpc_car_control) StdoutLine: {'line': b'-- Installing: /home/yucheng/mpc_motion_control_projects/mpc_ws/install/mpc_car_control/share/mpc_car_control/local_setup.sh\n'}
[18.091647] (mpc_car_control) StdoutLine: {'line': b'-- Installing: /home/yucheng/mpc_motion_control_projects/mpc_ws/install/mpc_car_control/share/mpc_car_control/local_setup.zsh\n'}
[18.091750] (mpc_car_control) StdoutLine: {'line': b'-- Installing: /home/yucheng/mpc_motion_control_projects/mpc_ws/install/mpc_car_control/share/mpc_car_control/local_setup.dsv\n'}
[18.091884] (mpc_car_control) StdoutLine: {'line': b'-- Installing: /home/yucheng/mpc_motion_control_projects/mpc_ws/install/mpc_car_control/share/mpc_car_control/package.dsv\n'}
[18.092054] (mpc_car_control) StdoutLine: {'line': b'-- Installing: /home/yucheng/mpc_motion_control_projects/mpc_ws/install/mpc_car_control/share/ament_index/resource_index/packages/mpc_car_control\n'}
[18.092211] (mpc_car_control) StdoutLine: {'line': b'-- Installing: /home/yucheng/mpc_motion_control_projects/mpc_ws/install/mpc_car_control/share/mpc_car_control/cmake/mpc_car_control__rosidl_generator_cExport.cmake\n'}
[18.092338] (mpc_car_control) StdoutLine: {'line': b'-- Installing: /home/yucheng/mpc_motion_control_projects/mpc_ws/install/mpc_car_control/share/mpc_car_control/cmake/mpc_car_control__rosidl_generator_cExport-noconfig.cmake\n'}
[18.092488] (mpc_car_control) StdoutLine: {'line': b'-- Installing: /home/yucheng/mpc_motion_control_projects/mpc_ws/install/mpc_car_control/share/mpc_car_control/cmake/mpc_car_control__rosidl_typesupport_introspection_cExport.cmake\n'}
[18.092571] (mpc_car_control) StdoutLine: {'line': b'-- Installing: /home/yucheng/mpc_motion_control_projects/mpc_ws/install/mpc_car_control/share/mpc_car_control/cmake/mpc_car_control__rosidl_typesupport_introspection_cExport-noconfig.cmake\n'}
[18.092703] (mpc_car_control) StdoutLine: {'line': b'-- Installing: /home/yucheng/mpc_motion_control_projects/mpc_ws/install/mpc_car_control/share/mpc_car_control/cmake/mpc_car_control__rosidl_typesupport_cExport.cmake\n'}
[18.092854] (mpc_car_control) StdoutLine: {'line': b'-- Installing: /home/yucheng/mpc_motion_control_projects/mpc_ws/install/mpc_car_control/share/mpc_car_control/cmake/mpc_car_control__rosidl_typesupport_cExport-noconfig.cmake\n'}
[18.093000] (mpc_car_control) StdoutLine: {'line': b'-- Installing: /home/yucheng/mpc_motion_control_projects/mpc_ws/install/mpc_car_control/share/mpc_car_control/cmake/mpc_car_control__rosidl_generator_cppExport.cmake\n'}
[18.093101] (mpc_car_control) StdoutLine: {'line': b'-- Installing: /home/yucheng/mpc_motion_control_projects/mpc_ws/install/mpc_car_control/share/mpc_car_control/cmake/mpc_car_control__rosidl_typesupport_introspection_cppExport.cmake\n'}
[18.093228] (mpc_car_control) StdoutLine: {'line': b'-- Installing: /home/yucheng/mpc_motion_control_projects/mpc_ws/install/mpc_car_control/share/mpc_car_control/cmake/mpc_car_control__rosidl_typesupport_introspection_cppExport-noconfig.cmake\n'}
[18.093355] (mpc_car_control) StdoutLine: {'line': b'-- Installing: /home/yucheng/mpc_motion_control_projects/mpc_ws/install/mpc_car_control/share/mpc_car_control/cmake/mpc_car_control__rosidl_typesupport_cppExport.cmake\n'}
[18.093476] (mpc_car_control) StdoutLine: {'line': b'-- Installing: /home/yucheng/mpc_motion_control_projects/mpc_ws/install/mpc_car_control/share/mpc_car_control/cmake/mpc_car_control__rosidl_typesupport_cppExport-noconfig.cmake\n'}
[18.093615] (mpc_car_control) StdoutLine: {'line': b'-- Installing: /home/yucheng/mpc_motion_control_projects/mpc_ws/install/mpc_car_control/share/mpc_car_control/cmake/rosidl_cmake-extras.cmake\n'}
[18.093701] (mpc_car_control) StdoutLine: {'line': b'-- Installing: /home/yucheng/mpc_motion_control_projects/mpc_ws/install/mpc_car_control/share/mpc_car_control/cmake/ament_cmake_export_dependencies-extras.cmake\n'}
[18.093792] (mpc_car_control) StdoutLine: {'line': b'-- Installing: /home/yucheng/mpc_motion_control_projects/mpc_ws/install/mpc_car_control/share/mpc_car_control/cmake/ament_cmake_export_libraries-extras.cmake\n'}
[18.093911] (mpc_car_control) StdoutLine: {'line': b'-- Installing: /home/yucheng/mpc_motion_control_projects/mpc_ws/install/mpc_car_control/share/mpc_car_control/cmake/ament_cmake_export_targets-extras.cmake\n'}
[18.094041] (mpc_car_control) StdoutLine: {'line': b'-- Installing: /home/yucheng/mpc_motion_control_projects/mpc_ws/install/mpc_car_control/share/mpc_car_control/cmake/ament_cmake_export_include_directories-extras.cmake\n'}
[18.094155] (mpc_car_control) StdoutLine: {'line': b'-- Installing: /home/yucheng/mpc_motion_control_projects/mpc_ws/install/mpc_car_control/share/mpc_car_control/cmake/rosidl_cmake_export_typesupport_libraries-extras.cmake\n'}
[18.094297] (mpc_car_control) StdoutLine: {'line': b'-- Installing: /home/yucheng/mpc_motion_control_projects/mpc_ws/install/mpc_car_control/share/mpc_car_control/cmake/rosidl_cmake_export_typesupport_targets-extras.cmake\n'}
[18.094384] (mpc_car_control) StdoutLine: {'line': b'-- Installing: /home/yucheng/mpc_motion_control_projects/mpc_ws/install/mpc_car_control/share/mpc_car_control/cmake/mpc_car_controlConfig.cmake\n'}
[18.094481] (mpc_car_control) StdoutLine: {'line': b'-- Installing: /home/yucheng/mpc_motion_control_projects/mpc_ws/install/mpc_car_control/share/mpc_car_control/cmake/mpc_car_controlConfig-version.cmake\n'}
[18.094593] (mpc_car_control) StdoutLine: {'line': b'-- Installing: /home/yucheng/mpc_motion_control_projects/mpc_ws/install/mpc_car_control/share/mpc_car_control/package.xml\n'}
[18.098107] (mpc_car_control) CommandEnded: {'returncode': 0}
[18.159363] (-) TimerEvent: {}
[18.259719] (-) TimerEvent: {}
[18.301882] (mpc_car_control) JobEnded: {'identifier': 'mpc_car_control', 'rc': 0}
[18.302774] (-) EventReactorShutdown: {}
